도서명,장르,출판사,저자명,ISBN,한줄소개,줄거리,이미지,상세이미지,노출여부
템빨,3,(주)마야마루출판사,박새날,,"<책소개> 해석학자 서민혁. 평생 해석학을 연구했지만, 아무런 성과도 내지 못하고 죽었다. 하지만 과거로 돌아온 그가 눈을 떴을 때. 던전의 모든 언어가 해석되기 시작했다.","<책소개> 해석학자 서민혁. 평생 해석학을 연구했지만, 아무런 성과도 내지 못하고 죽었다. 하지만 과거로 돌아온 그가 눈을 떴을 때. 던전의 모든 언어가 해석되기 시작했다.",https://img.ridicdn.net/cover/2200038887/large,https://img.ridicdn.net/cover/2200038887/large,Y
신 고구려전기,3,JC미디어,풍아저씨,,"<책소개> 음악이 인생의 전부라 생각했던 시절이 있었다. 그러나, 다시 찾은 인생. 음악은 그저 내 인생의 일부였을 뿐. 깨달음을 얻는 순간, 음악이 나를 찾아왔다. 부와 예술과 ","<책소개> 음악이 인생의 전부라 생각했던 시절이 있었다. 그러나, 다시 찾은 인생. 음악은 그저 내 인생의 일부였을 뿐. 깨달음을 얻는 순간, 음악이 나를 찾아왔다. 부와 예술과 명성이 나를 따라다닌다. 클래식, 천재, 재벌, 회귀.",https://img.ridicdn.net/cover/3228020404/large,https://img.ridicdn.net/cover/3228020404/large,Y
재벌집 천재음악가가 되었다,3,문피아,돌킴,,<책소개> 소설 속 최종보스의 보좌관이 되었다. 소설의 결말 속에서 최종보스는 죽었지만 세상은 이미 개판이다. 그럼 애초에 최종보스가 엇나가지만 않으면 되잖아? 사람은 고쳐쓰는게 ,<책소개> 소설 속 최종보스의 보좌관이 되었다. 소설의 결말 속에서 최종보스는 죽었지만 세상은 이미 개판이다. 그럼 애초에 최종보스가 엇나가지만 않으면 되잖아? 사람은 고쳐쓰는게 아니라지만 달리 방법도 없으니 최종보스를 고쳐쓰자.,https://img.ridicdn.net/cover/425191604/large,https://img.ridicdn.net/cover/425191604/large,Y
"공작님, 회개해주세요!",3,글고운,별볆볆별명,,<책소개> [학원물] [환생] [빙의] [차원이동] [레이드] 환생자 소천마는 '소설 빙의물'에 빙의했다.,<책소개> [학원물] [환생] [빙의] [차원이동] [레이드] 환생자 소천마는 '소설 빙의물'에 빙의했다.,https://img.ridicdn.net/cover/3403002069/large,https://img.ridicdn.net/cover/3403002069/large,Y
환생이 빙의를 숨김,3,문피아,시샘나흘밤,,"<책소개> 지구에 의해 멸망할 위기에 처한 세상에서, 차원과 시간을 넘어 건너온 대마법사의 아이돌 일상물. 어떤 끝이 다가오는지 모른 채 하루하루를 사는 이곳 사람들처럼, ‘서한율","<책소개> 지구에 의해 멸망할 위기에 처한 세상에서, 차원과 시간을 넘어 건너온 대마법사의 아이돌 일상물. 어떤 끝이 다가오는지 모른 채 하루하루를 사는 이곳 사람들처럼, ‘서한율’의 삶을 살겠다. 이건 ‘그날’을 맞이하기 전 스스로에게 주는, 가식으로 둘러싼 휴식이자 유...",https://img.ridicdn.net/cover/425191617/large,https://img.ridicdn.net/cover/425191617/large,Y
지구를 멸망시키러 왔단다,3,라온E&M,순두부정신,,<책소개> 재벌가 장남은 가치를 본다.,<책소개> 재벌가 장남은 가치를 본다.,https://img.ridicdn.net/cover/1534098904/large,https://img.ridicdn.net/cover/1534098904/large,Y
재벌가 장남은 가치를 본다!,3,포텐,유재무,,"<책소개> 오른손 부상이 불러온 저조한 성장. 돈 없고 배고픈 하꼬 기타세션 인생. 그리고 문뜩 찾아온 죽음. “기타창” 회귀하고 나니, 천재 기타리스트가 되어 있었다.","<책소개> 오른손 부상이 불러온 저조한 성장. 돈 없고 배고픈 하꼬 기타세션 인생. 그리고 문뜩 찾아온 죽음. “기타창” 회귀하고 나니, 천재 기타리스트가 되어 있었다.",https://img.ridicdn.net/cover/1007041216/large,https://img.ridicdn.net/cover/1007041216/large,Y
천재 기타리스트가 되었다,3,에이시스미디어,터븀,,<책소개> 나는 고수지망생이었다. 무공에 입문한지 45년째. 강호에서 내 경지는 잘 쳐줘야 이류 일류의 경지는 꿈도 꾸지 못한 채 허름한 초막에서 육합검법이나 수련하는 신세. “재,<책소개> 나는 고수지망생이었다. 무공에 입문한지 45년째. 강호에서 내 경지는 잘 쳐줘야 이류 일류의 경지는 꿈도 꾸지 못한 채 허름한 초막에서 육합검법이나 수련하는 신세. “재능 없는 놈은 죽으란 말이냐? 그럼 죽겠다. 죽고 나서 또 다시 도전해주겠다. ...,https://img.ridicdn.net/cover/3076011589/large,https://img.ridicdn.net/cover/3076011589/large,Y
전생검신,3,루트미디어,구로수번,,"<책소개> 학연, 지연, 혈연의 천국인 대한민국. 아무것도 없이 맨몸으로 사회에 뛰어든 고졸 순경 김세민의 이야기.","<책소개> 학연, 지연, 혈연의 천국인 대한민국. 아무것도 없이 맨몸으로 사회에 뛰어든 고졸 순경 김세민의 이야기.",https://img.ridicdn.net/cover/2989001417/large,https://img.ridicdn.net/cover/2989001417/large,Y
고졸순경이 경찰청장 되기,3,고렘팩토리,해황,,"<책소개> 부상을 달고 살았던 비운의 천재 스트라이커. 요한은 결국 복귀전에서도 부상을 얻고 은퇴한다. 부상만 아니었어도... 다시 돌아간다면, 정말 제대로 할 수 있을 텐데! 그","<책소개> 부상을 달고 살았던 비운의 천재 스트라이커. 요한은 결국 복귀전에서도 부상을 얻고 은퇴한다. 부상만 아니었어도... 다시 돌아간다면, 정말 제대로 할 수 있을 텐데! 그러던 그에게 기적이 일어난다. ""강요한! 언제까지 잘 거야? 안 일어나? 학교...",https://img.ridicdn.net/cover/2107069560/large,https://img.ridicdn.net/cover/2107069560/large,Y
천재 스트라이커의 회귀,3,KW북스,플라이스,,"<책소개> ""할아버지, 도대체 무슨 물건을 물려주신 거예요?!"" 가문에서 대대로 전해 내려오던 보물. 이게 뭐라고? “진짜일 리가 없지. 이게 진짜라면 4백 년 동안 아무도 성공 ","<책소개> ""할아버지, 도대체 무슨 물건을 물려주신 거예요?!"" 가문에서 대대로 전해 내려오던 보물. 이게 뭐라고? “진짜일 리가 없지. 이게 진짜라면 4백 년 동안 아무도 성공 못 했을 리가 없어. 다 거짓말, 전해 내려오는 이야기일 뿐이야. 그리고 13대조...",https://img.ridicdn.net/cover/2057135991/large,https://img.ridicdn.net/cover/2057135991/large,Y
명군이 되어보세!,3,YADAM,슈타인호프,,<책소개> 일하기 싫어요,<책소개> 일하기 싫어요,https://img.ridicdn.net/cover/1561007225/large,https://img.ridicdn.net/cover/1561007225/large,Y
변방의 외노자,3,문피아,후로스트,,<책소개> 안타까운 역사라 한탄한 적도 있었다. 그러나 한탄은 사라지고 몸이 재산이라는 사실을 깨달았다. 그렇게 몸을 길러 나름 성공하였더니 이런 일이 일어나다니. “설마 아니겠지,"<책소개> 안타까운 역사라 한탄한 적도 있었다. 그러나 한탄은 사라지고 몸이 재산이라는 사실을 깨달았다. 그렇게 몸을 길러 나름 성공하였더니 이런 일이 일어나다니. “설마 아니겠지. 내가 꿈을 꾸는 거겠지. 이게 대체 뭐야.” 한때는 사학과를 나왔고, 피트니...",https://img.ridicdn.net/cover/425191587/large,https://img.ridicdn.net/cover/425191587/large,Y
근육조선,3,KW북스,차돌박E,,<책소개> 작곡가의 꿈을 포기한 장기로. 과거로 돌아왔더니...사람들에게서 멜로디가 들린다! #연예계 #음악 #프로듀서 #치트키,<책소개> 작곡가의 꿈을 포기한 장기로. 과거로 돌아왔더니...사람들에게서 멜로디가 들린다! #연예계 #음악 #프로듀서 #치트키,https://img.ridicdn.net/cover/2057136003/large,https://img.ridicdn.net/cover/2057136003/large,Y
작곡천재의 멜로디,3,문피아,나일함,,<책소개> 잘생긴 외모를 한순간의 사고로 잃어버린 심랑. 그는 전쟁터에서의 의료봉사를 통해 자신의 가치를 드높이던 중 임시 병원에 폭탄이 떨어져 죽고 만다. 이렇게 세상을 마치는가,<책소개> 잘생긴 외모를 한순간의 사고로 잃어버린 심랑. 그는 전쟁터에서의 의료봉사를 통해 자신의 가치를 드높이던 중 임시 병원에 폭탄이 떨어져 죽고 만다. 이렇게 세상을 마치는가 싶던 그에게 대염왕조라는 새로운 세상이 열리는데……. 대염왕조에서 자신과 비슷한 외모와 ...,https://img.ridicdn.net/cover/425191602/large,https://img.ridicdn.net/cover/425191602/large,Y
사상최강의 데릴사위,3,만월,침묵적고점,,"<책소개> 어느 날, 이세계로 소환되었다. 짐승들이 쏟아지고, 믿을 수 없는 위기가 닥쳐오나. 가지고 있는 재능은 밑바닥. [플레이어의 재능 수치는 최하입니다.] [거의 모든 수치","<책소개> 어느 날, 이세계로 소환되었다. 짐승들이 쏟아지고, 믿을 수 없는 위기가 닥쳐오나. 가지고 있는 재능은 밑바닥. [플레이어의 재능 수치는 최하입니다.] [거의 모든 수치가 절망적입니다.] 선택받은 용사든, 재능 있는 마법사들. 시간을 역행한 회귀자든. 모든 것...",https://img.ridicdn.net/cover/3144004361/large,https://img.ridicdn.net/cover/3144004361/large,Y
회귀자 사용설명서,3,KW북스,흙수저,,"<책소개> “비정규직이라고 해서 파리 목숨이라 생각하지 마라.” 속한 곳이 없어서 자유롭고, 고정되지 않아 두려움이 없으며, 보장된 것이 없기에 상실감도 없다. “비정규직인데 돈 ","<책소개> “비정규직이라고 해서 파리 목숨이라 생각하지 마라.” 속한 곳이 없어서 자유롭고, 고정되지 않아 두려움이 없으며, 보장된 것이 없기에 상실감도 없다. “비정규직인데 돈 잘 벌면 뭐라고 하는지 알아? 전문직!” 그가 보는 사람은 단 하나. 자신의 연예인뿐이다...",https://img.ridicdn.net/cover/2057136001/large,https://img.ridicdn.net/cover/2057136001/large,Y
템빨,3,(주)마야마루출판사,박새날,,"<책소개> 해석학자 서민혁. 평생 해석학을 연구했지만, 아무런 성과도 내지 못하고 죽었다. 하지만 과거로 돌아온 그가 눈을 떴을 때. 던전의 모든 언어가 해석되기 시작했다.","<책소개> 해석학자 서민혁. 평생 해석학을 연구했지만, 아무런 성과도 내지 못하고 죽었다. 하지만 과거로 돌아온 그가 눈을 떴을 때. 던전의 모든 언어가 해석되기 시작했다.",https://img.ridicdn.net/cover/2200038887/large,https://img.ridicdn.net/cover/2200038887/large,Y
신 고구려전기,3,JC미디어,풍아저씨,,"<책소개> 음악이 인생의 전부라 생각했던 시절이 있었다. 그러나, 다시 찾은 인생. 음악은 그저 내 인생의 일부였을 뿐. 깨달음을 얻는 순간, 음악이 나를 찾아왔다. 부와 예술과 ","<책소개> 음악이 인생의 전부라 생각했던 시절이 있었다. 그러나, 다시 찾은 인생. 음악은 그저 내 인생의 일부였을 뿐. 깨달음을 얻는 순간, 음악이 나를 찾아왔다. 부와 예술과 명성이 나를 따라다닌다. 클래식, 천재, 재벌, 회귀.",https://img.ridicdn.net/cover/3228020404/large,https://img.ridicdn.net/cover/3228020404/large,Y
재벌집 천재음악가가 되었다,3,문피아,돌킴,,<책소개> 소설 속 최종보스의 보좌관이 되었다. 소설의 결말 속에서 최종보스는 죽었지만 세상은 이미 개판이다. 그럼 애초에 최종보스가 엇나가지만 않으면 되잖아? 사람은 고쳐쓰는게 ,<책소개> 소설 속 최종보스의 보좌관이 되었다. 소설의 결말 속에서 최종보스는 죽었지만 세상은 이미 개판이다. 그럼 애초에 최종보스가 엇나가지만 않으면 되잖아? 사람은 고쳐쓰는게 아니라지만 달리 방법도 없으니 최종보스를 고쳐쓰자.,https://img.ridicdn.net/cover/425191604/large,https://img.ridicdn.net/cover/425191604/large,Y
"공작님, 회개해주세요!",3,글고운,별볆볆별명,,<책소개> [학원물] [환생] [빙의] [차원이동] [레이드] 환생자 소천마는 '소설 빙의물'에 빙의했다.,<책소개> [학원물] [환생] [빙의] [차원이동] [레이드] 환생자 소천마는 '소설 빙의물'에 빙의했다.,https://img.ridicdn.net/cover/3403002069/large,https://img.ridicdn.net/cover/3403002069/large,Y
환생이 빙의를 숨김,3,문피아,시샘나흘밤,,"<책소개> 지구에 의해 멸망할 위기에 처한 세상에서, 차원과 시간을 넘어 건너온 대마법사의 아이돌 일상물. 어떤 끝이 다가오는지 모른 채 하루하루를 사는 이곳 사람들처럼, ‘서한율","<책소개> 지구에 의해 멸망할 위기에 처한 세상에서, 차원과 시간을 넘어 건너온 대마법사의 아이돌 일상물. 어떤 끝이 다가오는지 모른 채 하루하루를 사는 이곳 사람들처럼, ‘서한율’의 삶을 살겠다. 이건 ‘그날’을 맞이하기 전 스스로에게 주는, 가식으로 둘러싼 휴식이자 유...",https://img.ridicdn.net/cover/425191617/large,https://img.ridicdn.net/cover/425191617/large,Y
지구를 멸망시키러 왔단다,3,라온E&M,순두부정신,,<책소개> 재벌가 장남은 가치를 본다.,<책소개> 재벌가 장남은 가치를 본다.,https://img.ridicdn.net/cover/1534098904/large,https://img.ridicdn.net/cover/1534098904/large,Y
재벌가 장남은 가치를 본다!,3,포텐,유재무,,"<책소개> 오른손 부상이 불러온 저조한 성장. 돈 없고 배고픈 하꼬 기타세션 인생. 그리고 문뜩 찾아온 죽음. “기타창” 회귀하고 나니, 천재 기타리스트가 되어 있었다.","<책소개> 오른손 부상이 불러온 저조한 성장. 돈 없고 배고픈 하꼬 기타세션 인생. 그리고 문뜩 찾아온 죽음. “기타창” 회귀하고 나니, 천재 기타리스트가 되어 있었다.",https://img.ridicdn.net/cover/1007041216/large,https://img.ridicdn.net/cover/1007041216/large,Y
천재 기타리스트가 되었다,3,에이시스미디어,터븀,,<책소개> 나는 고수지망생이었다. 무공에 입문한지 45년째. 강호에서 내 경지는 잘 쳐줘야 이류 일류의 경지는 꿈도 꾸지 못한 채 허름한 초막에서 육합검법이나 수련하는 신세. “재,<책소개> 나는 고수지망생이었다. 무공에 입문한지 45년째. 강호에서 내 경지는 잘 쳐줘야 이류 일류의 경지는 꿈도 꾸지 못한 채 허름한 초막에서 육합검법이나 수련하는 신세. “재능 없는 놈은 죽으란 말이냐? 그럼 죽겠다. 죽고 나서 또 다시 도전해주겠다. ...,https://img.ridicdn.net/cover/3076011589/large,https://img.ridicdn.net/cover/3076011589/large,Y
전생검신,3,루트미디어,구로수번,,"<책소개> 학연, 지연, 혈연의 천국인 대한민국. 아무것도 없이 맨몸으로 사회에 뛰어든 고졸 순경 김세민의 이야기.","<책소개> 학연, 지연, 혈연의 천국인 대한민국. 아무것도 없이 맨몸으로 사회에 뛰어든 고졸 순경 김세민의 이야기.",https://img.ridicdn.net/cover/2989001417/large,https://img.ridicdn.net/cover/2989001417/large,Y
고졸순경이 경찰청장 되기,3,고렘팩토리,해황,,"<책소개> 부상을 달고 살았던 비운의 천재 스트라이커. 요한은 결국 복귀전에서도 부상을 얻고 은퇴한다. 부상만 아니었어도... 다시 돌아간다면, 정말 제대로 할 수 있을 텐데! 그","<책소개> 부상을 달고 살았던 비운의 천재 스트라이커. 요한은 결국 복귀전에서도 부상을 얻고 은퇴한다. 부상만 아니었어도... 다시 돌아간다면, 정말 제대로 할 수 있을 텐데! 그러던 그에게 기적이 일어난다. ""강요한! 언제까지 잘 거야? 안 일어나? 학교...",https://img.ridicdn.net/cover/2107069560/large,https://img.ridicdn.net/cover/2107069560/large,Y
천재 스트라이커의 회귀,3,KW북스,플라이스,,"<책소개> ""할아버지, 도대체 무슨 물건을 물려주신 거예요?!"" 가문에서 대대로 전해 내려오던 보물. 이게 뭐라고? “진짜일 리가 없지. 이게 진짜라면 4백 년 동안 아무도 성공 ","<책소개> ""할아버지, 도대체 무슨 물건을 물려주신 거예요?!"" 가문에서 대대로 전해 내려오던 보물. 이게 뭐라고? “진짜일 리가 없지. 이게 진짜라면 4백 년 동안 아무도 성공 못 했을 리가 없어. 다 거짓말, 전해 내려오는 이야기일 뿐이야. 그리고 13대조...",https://img.ridicdn.net/cover/2057135991/large,https://img.ridicdn.net/cover/2057135991/large,Y
명군이 되어보세!,3,YADAM,슈타인호프,,<책소개> 일하기 싫어요,<책소개> 일하기 싫어요,https://img.ridicdn.net/cover/1561007225/large,https://img.ridicdn.net/cover/1561007225/large,Y
변방의 외노자,3,문피아,후로스트,,<책소개> 안타까운 역사라 한탄한 적도 있었다. 그러나 한탄은 사라지고 몸이 재산이라는 사실을 깨달았다. 그렇게 몸을 길러 나름 성공하였더니 이런 일이 일어나다니. “설마 아니겠지,"<책소개> 안타까운 역사라 한탄한 적도 있었다. 그러나 한탄은 사라지고 몸이 재산이라는 사실을 깨달았다. 그렇게 몸을 길러 나름 성공하였더니 이런 일이 일어나다니. “설마 아니겠지. 내가 꿈을 꾸는 거겠지. 이게 대체 뭐야.” 한때는 사학과를 나왔고, 피트니...",https://img.ridicdn.net/cover/425191587/large,https://img.ridicdn.net/cover/425191587/large,Y
근육조선,3,KW북스,차돌박E,,<책소개> 작곡가의 꿈을 포기한 장기로. 과거로 돌아왔더니...사람들에게서 멜로디가 들린다! #연예계 #음악 #프로듀서 #치트키,<책소개> 작곡가의 꿈을 포기한 장기로. 과거로 돌아왔더니...사람들에게서 멜로디가 들린다! #연예계 #음악 #프로듀서 #치트키,https://img.ridicdn.net/cover/2057136003/large,https://img.ridicdn.net/cover/2057136003/large,Y
작곡천재의 멜로디,3,문피아,나일함,,<책소개> 잘생긴 외모를 한순간의 사고로 잃어버린 심랑. 그는 전쟁터에서의 의료봉사를 통해 자신의 가치를 드높이던 중 임시 병원에 폭탄이 떨어져 죽고 만다. 이렇게 세상을 마치는가,<책소개> 잘생긴 외모를 한순간의 사고로 잃어버린 심랑. 그는 전쟁터에서의 의료봉사를 통해 자신의 가치를 드높이던 중 임시 병원에 폭탄이 떨어져 죽고 만다. 이렇게 세상을 마치는가 싶던 그에게 대염왕조라는 새로운 세상이 열리는데……. 대염왕조에서 자신과 비슷한 외모와 ...,https://img.ridicdn.net/cover/425191602/large,https://img.ridicdn.net/cover/425191602/large,Y
사상최강의 데릴사위,3,만월,침묵적고점,,"<책소개> 어느 날, 이세계로 소환되었다. 짐승들이 쏟아지고, 믿을 수 없는 위기가 닥쳐오나. 가지고 있는 재능은 밑바닥. [플레이어의 재능 수치는 최하입니다.] [거의 모든 수치","<책소개> 어느 날, 이세계로 소환되었다. 짐승들이 쏟아지고, 믿을 수 없는 위기가 닥쳐오나. 가지고 있는 재능은 밑바닥. [플레이어의 재능 수치는 최하입니다.] [거의 모든 수치가 절망적입니다.] 선택받은 용사든, 재능 있는 마법사들. 시간을 역행한 회귀자든. 모든 것...",https://img.ridicdn.net/cover/3144004361/large,https://img.ridicdn.net/cover/3144004361/large,Y
회귀자 사용설명서,3,KW북스,흙수저,,"<책소개> “비정규직이라고 해서 파리 목숨이라 생각하지 마라.” 속한 곳이 없어서 자유롭고, 고정되지 않아 두려움이 없으며, 보장된 것이 없기에 상실감도 없다. “비정규직인데 돈 ","<책소개> “비정규직이라고 해서 파리 목숨이라 생각하지 마라.” 속한 곳이 없어서 자유롭고, 고정되지 않아 두려움이 없으며, 보장된 것이 없기에 상실감도 없다. “비정규직인데 돈 잘 벌면 뭐라고 하는지 알아? 전문직!” 그가 보는 사람은 단 하나. 자신의 연예인뿐이다...",https://img.ridicdn.net/cover/2057136001/large,https://img.ridicdn.net/cover/2057136001/large,Y
시스템 미디블나이트,3,라온E&M,리플래시,,"<책소개> 평범한 직장인이던 주인공은 미디블나이트라는 게임을 즐기다가 사고로 죽게 되는데, 어찌된 영문인지 미디블나이트가 구현된 세상에서 볼프강으로 눈을 뜨게 된다. 시스템의 도움","<책소개> 평범한 직장인이던 주인공은 미디블나이트라는 게임을 즐기다가 사고로 죽게 되는데, 어찌된 영문인지 미디블나이트가 구현된 세상에서 볼프강으로 눈을 뜨게 된다. 시스템의 도움으로 중세와 다를 것이 없는 이 세계에 적응을 해가면서 점차 영주가 되겠다는 야망을 가지게 된다...",https://img.ridicdn.net/cover/2065041110/large,https://img.ridicdn.net/cover/2065041110/large,Y
회귀자의 성공 라이프,3,KW북스,SOKIN,,"<책소개> “빌어먹을 세상…… 어떻게 이렇게까지 안 되냐.” 퇴사 후, 10년 간 사업에 뛰어들었으나 남은 건 빈털터리 신세에 이혼과 후회뿐. 그런 그에게 주어진 단 한 번의 기회","<책소개> “빌어먹을 세상…… 어떻게 이렇게까지 안 되냐.” 퇴사 후, 10년 간 사업에 뛰어들었으나 남은 건 빈털터리 신세에 이혼과 후회뿐. 그런 그에게 주어진 단 한 번의 기회. [운명이 비틀렸어.] [다시 과거로 돌아가 운명을 바로잡도록 도와줘야지.] 입사 처음...",https://store.ridicdn.net/books/dist/images/book_cover/cover_adult.png,https://store.ridicdn.net/books/dist/images/book_cover/cover_adult.png,Y
중생지마교교주,3,만월,봉칠월,,"<책소개> 의외의 죽음을 맞이한 초휴, 자신이 우연히 게임속, 미처 공개되지 못한 세 번째 버전의 최종보스인 마교교주로 환생했다는 것을 깨닫다. 무수한 무협 세계관이 녹아 있는 게","<책소개> 의외의 죽음을 맞이한 초휴, 자신이 우연히 게임속, 미처 공개되지 못한 세 번째 버전의 최종보스인 마교교주로 환생했다는 것을 깨닫다. 무수한 무협 세계관이 녹아 있는 게임 속 세계로 차원이동한 그는 산처럼 쌓여 있는 백골을 즈려밟으며 마도천하를 이룩하여 전설을 ...",https://img.ridicdn.net/cover/2200038887/large,https://img.ridicdn.net/cover/2200038887/large,Y
개정판 | 정령왕 엘퀴네스,3,드림북스,이환,,"<책소개> 강지훈은 평범하기 짝이 없는 고등학생이었다. 우연히 당한 교통사고로 사망한 뒤, 명계에서 자신이 ‘인간으로 잘못 태어난 물의 정령왕 엘퀴네스’라는 사실을 알게 된다. “","<책소개> 강지훈은 평범하기 짝이 없는 고등학생이었다. 우연히 당한 교통사고로 사망한 뒤, 명계에서 자신이 ‘인간으로 잘못 태어난 물의 정령왕 엘퀴네스’라는 사실을 알게 된다. “물의 정령을 만들라니? 어떻게 하는 건데?” 인간으로 잘못 태어났던 물의 정령왕 ...",https://img.ridicdn.net/cover/2065041110/large,https://img.ridicdn.net/cover/2065041110/large,Y
저기요? 능력치가 좀 이상합니다,3,문피아,시바코기,,<책소개> 세계 최강의 헌터 이준혁. 인류를 위해 고생만 하다가 인생 2회차를 시작했다. 이번 생은 평범한 삶을 살아볼까 했는데 뭔가 좀 이상하다?,<책소개> 세계 최강의 헌터 이준혁. 인류를 위해 고생만 하다가 인생 2회차를 시작했다. 이번 생은 평범한 삶을 살아볼까 했는데 뭔가 좀 이상하다?,https://img.ridicdn.net/cover/3228020404/large,https://img.ridicdn.net/cover/3228020404/large,Y
"조선, 혁명의 시대",3,JC미디어,태사령,,"<책소개> 때는 19세기 말, 제국주의 시대. 강자가 약자를 병탄하는 걸 당연하게 여기는 약육강식과, 변화하는 환경에 적응하는 존재만이 살아남을 수 있다 여겼던 적자생존의 시대. ","<책소개> 때는 19세기 말, 제국주의 시대. 강자가 약자를 병탄하는 걸 당연하게 여기는 약육강식과, 변화하는 환경에 적응하는 존재만이 살아남을 수 있다 여겼던 적자생존의 시대. 1880년, 완화군 이선이 된 미래의 역사학도. ""절대 죽지 않는다. 반드시 살아남는다. 나 이...",https://img.ridicdn.net/cover/425191604/large,https://img.ridicdn.net/cover/425191604/large,Y
드라마 메이커,3,캔미디어,이종길,,<책소개> 천부적인 재능을 가졌지만 고스트라이터로 이용만 당하다가 살해당한 드라마 작가 차정민. 그의 능력을 안타까이 여긴 특별한 존재에 의해 3년 전으로 회귀한다. 그에 더해 ‘,<책소개> 천부적인 재능을 가졌지만 고스트라이터로 이용만 당하다가 살해당한 드라마 작가 차정민. 그의 능력을 안타까이 여긴 특별한 존재에 의해 3년 전으로 회귀한다. 그에 더해 ‘드라마 메이커’라는 특별한 능력까지 얻게 되고! 비참한 죽음을 맞이하고 영광을 모두 빼...,https://img.ridicdn.net/cover/3403002069/large,https://img.ridicdn.net/cover/3403002069/large,Y
이세계의 정령사가 되었다,3,고렘팩토리,심예준,,<책소개> 그것도 애 딸린 정령사가 되어버렸다. 어쩌겠어? 먹고 살려면 돈 벌어야지.,<책소개> 그것도 애 딸린 정령사가 되어버렸다. 어쩌겠어? 먹고 살려면 돈 벌어야지.,https://img.ridicdn.net/cover/425191617/large,https://img.ridicdn.net/cover/425191617/large,Y
필드의 어린왕자,3,제이플러스,TALPA,,"<책소개> 부모님의 이혼도, 내 더러운 성격도, 축구 실력을 제외하고는 그 무엇도 보지 않는 곳. 스페인 카나리아 제도에서 벌어지는, 까칠하지만 재능 넘치는 어린 축구 선수의 성장","<책소개> 부모님의 이혼도, 내 더러운 성격도, 축구 실력을 제외하고는 그 무엇도 보지 않는 곳. 스페인 카나리아 제도에서 벌어지는, 까칠하지만 재능 넘치는 어린 축구 선수의 성장기.",https://img.ridicdn.net/cover/1534098904/large,https://img.ridicdn.net/cover/1534098904/large,Y
내 퀘스트의 보상이 특별하다,3,문피아,명협제,,"<책소개> 노스킬 능력자 류영광. 노력하나만으로 절정의 경지에 이르렀지만, 길드장 마영우에게 배신당해 죽게 되는데... 우연히 습득한 에픽 마정석. 죽음의 순간 마정석의 진가가 발","<책소개> 노스킬 능력자 류영광. 노력하나만으로 절정의 경지에 이르렀지만, 길드장 마영우에게 배신당해 죽게 되는데... 우연히 습득한 에픽 마정석. 죽음의 순간 마정석의 진가가 발휘된다! [에픽 마정석의 영향으로 인해 ‘회귀’ 모드의 사용 권한을 얻었습니다.] [에픽 마정석...",https://img.ridicdn.net/cover/1007041216/large,https://img.ridicdn.net/cover/1007041216/large,Y
최고의 밥상,3,JC미디어,반치,,"<책소개> 대한제국 고종의 마지막 숙수, 영주. 100년이 지난 대한민국에 최고의 밥상을 차리다. “석빙고라니. 석빙고가 이리 아무데나 즐비하다니이-!”","<책소개> 대한제국 고종의 마지막 숙수, 영주. 100년이 지난 대한민국에 최고의 밥상을 차리다. “석빙고라니. 석빙고가 이리 아무데나 즐비하다니이-!”",https://img.ridicdn.net/cover/3076011589/large,https://img.ridicdn.net/cover/3076011589/large,Y
회귀로 압도한다,3,고렘팩토리,우명,,"<책소개> 어느날, 자신이 죽으면 회귀할 것임을 알게 된 유재원. 남은 인생을 회귀 후의 새로운 인생을 위해 투자했고, 기적은 이루어졌다. 돌발적인 회귀와는 다르게 철저히 준비된 ","<책소개> 어느날, 자신이 죽으면 회귀할 것임을 알게 된 유재원. 남은 인생을 회귀 후의 새로운 인생을 위해 투자했고, 기적은 이루어졌다. 돌발적인 회귀와는 다르게 철저히 준비된 회귀자의 거칠 것 없는 질주. 재벌? 세계를 움직이는 막후의 거대 자본가? 준비된 회귀로 ...",https://img.ridicdn.net/cover/2989001417/large,https://img.ridicdn.net/cover/2989001417/large,Y
재능 삼킨 배우님,3,스토리튠즈,리안하르트,,"<책소개> 평범한 대학생, 차성민. 꿈에서 재능을 얻었다? 무사 척준경, 헤어 디자이너 허브, 킬러 존 위키드... 갑자기 주어진 그들의 재능. 우연히 찾아온 연기의 기회. ""참 ","<책소개> 평범한 대학생, 차성민. 꿈에서 재능을 얻었다? 무사 척준경, 헤어 디자이너 허브, 킬러 존 위키드... 갑자기 주어진 그들의 재능. 우연히 찾아온 연기의 기회. ""참 희한하지. 연기를 하는게 아니라 그 인물이 나타난것 같아."" 재능을 완전히...",https://img.ridicdn.net/cover/2107069560/large,https://img.ridicdn.net/cover/2107069560/large,Y
게임 투자로 역대급 재벌,3,KW북스,인랑,,"<책소개> 평범한 직장인으로 살다가, 시한부 인생으로 생을 마감한 서우진. 그런 내가, 재벌가 막내 아들로 회귀했다. 그것도, IMF 한파가 몰아치던 1997년으로. 독일 유학을 ","<책소개> 평범한 직장인으로 살다가, 시한부 인생으로 생을 마감한 서우진. 그런 내가, 재벌가 막내 아들로 회귀했다. 그것도, IMF 한파가 몰아치던 1997년으로. 독일 유학을 마치고 한국으로 도착한 공항. 그리고 불현듯 보이는 추억의 게임 광고. [세계...",https://img.ridicdn.net/cover/2057135991/large,https://img.ridicdn.net/cover/2057135991/large,Y
칠생전 팔생기,3,라이노,ivuy,,"<책소개> 멈추지 않는 삶과 죽음. 끊이지 않는 윤회의 고리를 멈추려면 신이 되어야 한다! 반복되는 삶에 지쳐 자살도 하고, 인류 멸망도 도전해 보고 막 살아보기도 했지만, 언제나","<책소개> 멈추지 않는 삶과 죽음. 끊이지 않는 윤회의 고리를 멈추려면 신이 되어야 한다! 반복되는 삶에 지쳐 자살도 하고, 인류 멸망도 도전해 보고 막 살아보기도 했지만, 언제나 죽음 뒤에 다시 시작하는 삶을 깨닫고 절망하게 되는데... 다시 시작되는 삶은 행복할 수 있...",https://img.ridicdn.net/cover/1561007225/large,https://img.ridicdn.net/cover/1561007225/large,Y
전업 힐러는 점점 강해진다,3,제이플러스,10억조회수,,<책소개> 대충 이세계에 떨어졌지만 어찌어찌 좋은 사람을 만나 자리잡고 살아간다는 내용.,<책소개> 대충 이세계에 떨어졌지만 어찌어찌 좋은 사람을 만나 자리잡고 살아간다는 내용.,https://img.ridicdn.net/cover/425191587/large,https://img.ridicdn.net/cover/425191587/large,Y
"망한 재벌 4세, 돌아오다",3,문피아,잉여한Y씨,,"<책소개> [제5회 대한민국 웹소설 공모대전 수상작] 재벌 4세로 태어났다. 하지만 내가 크기도 전, 우리 회사는 흔적만 남기고 사라져 버렸다. 다시 얻은 기회, 놓치지 않겠다. ","<책소개> [제5회 대한민국 웹소설 공모대전 수상작] 재벌 4세로 태어났다. 하지만 내가 크기도 전, 우리 회사는 흔적만 남기고 사라져 버렸다. 다시 얻은 기회, 놓치지 않겠다. 그리고 우리가 받은 대로 돌려주리라",https://img.ridicdn.net/cover/2057136003/large,https://img.ridicdn.net/cover/2057136003/large,Y
내 성장속도가 이상하다,3,JC미디어,추월,,"<책소개> 잠에 드는 순간 이상하리만큼 빠르고, 종잡을 수 없는 성장이 시작된다. ……이유는 나도 잘 모르겠다.","<책소개> 잠에 드는 순간 이상하리만큼 빠르고, 종잡을 수 없는 성장이 시작된다. ……이유는 나도 잘 모르겠다.",https://img.ridicdn.net/cover/425191602/large,https://img.ridicdn.net/cover/425191602/large,Y
헌터 내가 해봤는데 별거 없더라,3,파피루스,현철,,"<책소개> 헌터, 내가 해봤는데…. ""힘들어."" 그래서 전생 천마는 건물주가 되기로 결심했다. 전생 천마, 현생 알바 천문석. ? 헌터가 유망직종이 된 21세기 대한민국. 전생을 ","<책소개> 헌터, 내가 해봤는데…. ""힘들어."" 그래서 전생 천마는 건물주가 되기로 결심했다. 전생 천마, 현생 알바 천문석. ? 헌터가 유망직종이 된 21세기 대한민국. 전생을 깨달은 천문석은 건물주가 되어 불로소득으로 놀고먹는 삶을 꿈꾼다. ? 그러나 삶이란 어느...",https://img.ridicdn.net/cover/3144004361/large,https://img.ridicdn.net/cover/3144004361/large,Y
아욕봉천,3,KOCM,이근,,"<책소개> 조실부모하고 관직에 오르기 위해 학업에만 매진하던 평범한 서생, 맹호. 그는 어느 날 절벽에 매달려 있는 친구를 구하려다 젊은 여자 수도사에게 납치되어 고산종의 잡일꾼이","<책소개> 조실부모하고 관직에 오르기 위해 학업에만 매진하던 평범한 서생, 맹호. 그는 어느 날 절벽에 매달려 있는 친구를 구하려다 젊은 여자 수도사에게 납치되어 고산종의 잡일꾼이 된다. 하지만 타고는 총명함과 끈기로 결국 고산종의 외종 제자가 되는데 성공하여 신선이 되...",https://img.ridicdn.net/cover/2057136001/large,https://img.ridicdn.net/cover/2057136001/large,Y
간도진위대 3부,3,뿔미디어,듀이 문,,"<책소개> 제1차 세계대전의 암운이 짙어갈 무렵, 대한제국은 일본을 굴복시키기 위한 마지막 전쟁에 돌입한다. 난마처럼 얽혀 있는 국제정세 속에서 새로 얻은 영토의 안정화와 경제개발","<책소개> 제1차 세계대전의 암운이 짙어갈 무렵, 대한제국은 일본을 굴복시키기 위한 마지막 전쟁에 돌입한다. 난마처럼 얽혀 있는 국제정세 속에서 새로 얻은 영토의 안정화와 경제개발 과업에도 힘을 쏟아야 하는 대한제국. 대한제국은 산적한 대내외적 과제를 과연...",https://img.ridicdn.net/cover/2093062689/large,https://img.ridicdn.net/cover/2093062689/large,Y
체육고 영재로 회귀했다,3,KW북스,Walther,,"<책소개> 근대 5종 선수, 정시우. 최선의 최선을 다했지만, 그 끝은 노메달리스트였다. 초라하게 은퇴하고 좌절하던 어느 날, 눈을 떠보니…… 대한체고 입학시험일로 회귀했다! 경험","<책소개> 근대 5종 선수, 정시우. 최선의 최선을 다했지만, 그 끝은 노메달리스트였다. 초라하게 은퇴하고 좌절하던 어느 날, 눈을 떠보니…… 대한체고 입학시험일로 회귀했다! 경험 많은, 베테랑 정시우의 소프트웨어와 새로 만든 듯한, 예비 고1 정시우의 하드...",https://img.ridicdn.net/cover/2057136015/large,https://img.ridicdn.net/cover/2057136015/large,Y
명문가 적통이 너무 잘함,3,KW북스,흑전,,"<책소개> 암살명가의 적통으로 태어났으나 남들보다 부족했던 재능, 결국 가문에서마저 버려지고 만 주인공 반! 그에겐 평범한 삶조차 허락되지 않는 것일까? 정체불명의 세력에게 심장이","<책소개> 암살명가의 적통으로 태어났으나 남들보다 부족했던 재능, 결국 가문에서마저 버려지고 만 주인공 반! 그에겐 평범한 삶조차 허락되지 않는 것일까? 정체불명의 세력에게 심장이 꿰뚫리는 그 순간, 눈을 떠보니 어릴 적 그 시절로 돌아왔다! ‘이번엔 ...",https://img.ridicdn.net/cover/2057136005/large,https://img.ridicdn.net/cover/2057136005/large,Y
슬러거 포수 강건후,3,동아,온필수,,"<책소개> 수비 만점, 타격 0점. 만년 백업 포수 강건후. 모든 선수의 데이터가 담긴 VR 고글을 얻다! “슬러거형 포수 유망주가 있다면 잡으실 겁니까?” “슬러거형 포수? 무조","<책소개> 수비 만점, 타격 0점. 만년 백업 포수 강건후. 모든 선수의 데이터가 담긴 VR 고글을 얻다! “슬러거형 포수 유망주가 있다면 잡으실 겁니까?” “슬러거형 포수? 무조건 잡아야지.” 끊임없이 도전하는 강건후에게 찾아온 기회. 마이너리그 백업 포수에서...",https://img.ridicdn.net/cover/809028401/large,https://img.ridicdn.net/cover/809028401/large,Y
무공빨로 톱스타,3,KW북스,재화룡,,"<책소개> -이도헌 씨. 연기력이 부족한 건 아닌데, 사람을 집중하게 만드는 배우만의 ‘아우라(Aura)’가 없다고나 할까요. 오디션 불합격 문자를 받고 상심하기도 전에 과속하던 ","<책소개> -이도헌 씨. 연기력이 부족한 건 아닌데, 사람을 집중하게 만드는 배우만의 ‘아우라(Aura)’가 없다고나 할까요. 오디션 불합격 문자를 받고 상심하기도 전에 과속하던 트럭에 치인 이도헌. 죽음의 순간, 주마등처럼 스쳐 지나가는 기억과 함께 '무림...",https://img.ridicdn.net/cover/2057136010/large,https://img.ridicdn.net/cover/2057136010/large,Y
지상 최강의 요리사,3,JHS BOOKS,아몬드쥬스,,"<책소개> 지구를 변화시킨 퍼스트 임팩트(First Impact). 그런 바뀐 지구에서, 몬스터 해체반으로 일하던 이진성. 그런 이진성이 던전에서 마주한 기회. [클래스 '요리사'","<책소개> 지구를 변화시킨 퍼스트 임팩트(First Impact). 그런 바뀐 지구에서, 몬스터 해체반으로 일하던 이진성. 그런 이진성이 던전에서 마주한 기회. [클래스 '요리사'가 활성화됩니다.] [스킬 '도축'을 얻습니다.] ['보존' 특성을 얻습니다. 도축 결과물을 ...",https://img.ridicdn.net/cover/3586009325/large,https://img.ridicdn.net/cover/3586009325/large,Y
신비의 제왕,3,KOCM,커틀피쉬,,<책소개> 어느 날 갑자기 이계에 떨어진 평범한 직장인 민석은 자살한 로엔 왕국의 역사학도 ‘클레인 모레티’의 몸에 빙의한다. 근세 유럽과 닮은 이계에는 마법과 신비학의 힘을 이용,<책소개> 어느 날 갑자기 이계에 떨어진 평범한 직장인 민석은 자살한 로엔 왕국의 역사학도 ‘클레인 모레티’의 몸에 빙의한다. 근세 유럽과 닮은 이계에는 마법과 신비학의 힘을 이용해 이능을 손에 넣은 ‘초월자’들이 존재했다. 이후 민석은 자신보다 먼저 이계에 도착해 황...,https://img.ridicdn.net/cover/2391024787/large,https://img.ridicdn.net/cover/2391024787/large,Y
재벌가 범생이,3,제이플러스,벼랑끝,,<책소개> 건달 출신 운전기사. 재벌가의 모범생 막내아들이 되었다.,<책소개> 건달 출신 운전기사. 재벌가의 모범생 막내아들이 되었다.,https://img.ridicdn.net/cover/2065041143/large,https://img.ridicdn.net/cover/2065041143/large,Y
개미로 환생!,3,문피아,YAGI,,<책소개> 이계에서 던전 속 몬스터 개미로 환생했다! [인외물/성장(진화)물/영지... 아니 둥지물] 원제: Chrysalis 원작: Ryan McGrath 번역/번안: 정현정/정,<책소개> 이계에서 던전 속 몬스터 개미로 환생했다! [인외물/성장(진화)물/영지... 아니 둥지물] 원제: Chrysalis 원작: Ryan McGrath 번역/번안: 정현정/정대단 *원작자와 정식 계약을 통해 번안 연재하는 작품입니다.,https://img.ridicdn.net/cover/425191575/large,https://img.ridicdn.net/cover/425191575/large,Y
천재의 음악방송,3,KW북스,강선우,,"<책소개> 누구나 찬란한 인생을 꿈꾸지만, 그 인생은 선택받은 사람만이 누릴 수 있다? 3년간 밤낮없이 연습하며 아이돌 스타를 꿈꾸었던 유정호! 그러나 하루아침에 소속사에서 방출당","<책소개> 누구나 찬란한 인생을 꿈꾸지만, 그 인생은 선택받은 사람만이 누릴 수 있다? 3년간 밤낮없이 연습하며 아이돌 스타를 꿈꾸었던 유정호! 그러나 하루아침에 소속사에서 방출당하고 만다. 그런 그에게 손을 내민 것은 다름 아닌 자신의 롤모델 제라. 세계적인 팝...",https://img.ridicdn.net/cover/2057135986/large,https://img.ridicdn.net/cover/2057135986/large,Y
회귀자의 그랜드슬램,3,로크미디어,mensol,,<책소개> 가문 대대로 내려오는 윤회의 저주. 백여번을 반복해서 살아왔던 남자가 세운 한 가지 목표. 회귀/축구/야구/농구/테니스,<책소개> 가문 대대로 내려오는 윤회의 저주. 백여번을 반복해서 살아왔던 남자가 세운 한 가지 목표. 회귀/축구/야구/농구/테니스,https://img.ridicdn.net/cover/1811178145/large,https://img.ridicdn.net/cover/1811178145/large,Y
위저드 스톤,3,라온E&M,이경훈,,"<책소개> 어느 날 산에서 주운 작은 돌... 작은 돌이 가져 온 인생의 큰 변화! 나도 성공할 수 있을까? 마법사로서, 헌터로서 더 큰 세상에서의 모험이 시작된다! <저자 소개>","<책소개> 어느 날 산에서 주운 작은 돌... 작은 돌이 가져 온 인생의 큰 변화! 나도 성공할 수 있을까? 마법사로서, 헌터로서 더 큰 세상에서의 모험이 시작된다! <저자 소개> 일산에 거주하는 이제 막 30된 신인 작가.",https://img.ridicdn.net/cover/1534098923/large,https://img.ridicdn.net/cover/1534098923/large,Y
기사의 일기(Diary of a Knight),3,Arete,편곤,,"<책소개> 15세기, 어느 기사의 이야기 <저자 소개> 전작 : 마탄의 사수, 얀 연금술사의 항해일지 하이눈","<책소개> 15세기, 어느 기사의 이야기 <저자 소개> 전작 : 마탄의 사수, 얀 연금술사의 항해일지 하이눈",https://img.ridicdn.net/cover/2351043703/large,https://img.ridicdn.net/cover/2351043703/large,Y
로마를 정복해야 내가 산다,3,라온E&M,인간9호,,<책소개> 꿈을 잃고 좌절한 흙수저 역사학도. 환생해 보니 카르타고의 명장 한니발의 친동생? 넋 놓고 역사대로 살면 로마군에게 목이 잘려 죽을 운명! 생존을 위해 운명을 극복하고 ,<책소개> 꿈을 잃고 좌절한 흙수저 역사학도. 환생해 보니 카르타고의 명장 한니발의 친동생? 넋 놓고 역사대로 살면 로마군에게 목이 잘려 죽을 운명! 생존을 위해 운명을 극복하고 로마를 정벌하라! <저자 소개> 고대 카르타고를 배경으로 한 대체 역사물이 없...,https://img.ridicdn.net/cover/1534098926/large,https://img.ridicdn.net/cover/1534098926/large,Y
조선의 재벌이 되기로 했다,3,KW북스,구오,,"<책소개> 조선은 망해도 조선의 금이나 은은 망하지 않는다. 흥선대원군의 조카이자 고종의 사촌인 나, 이재긍(李載兢)은 정치를 포기하고. 재벌이 된다!","<책소개> 조선은 망해도 조선의 금이나 은은 망하지 않는다. 흥선대원군의 조카이자 고종의 사촌인 나, 이재긍(李載兢)은 정치를 포기하고. 재벌이 된다!",https://img.ridicdn.net/cover/2057136019/large,https://img.ridicdn.net/cover/2057136019/large,Y
발해의 꿈,3,라온E&M,LunStellar,,"<책소개> 어느 날 문득 눈을 떠 보니 조선 말기였다. 누가 나를 이곳으로 보냈나, 누가 나를 이 지옥 같은 시대로 던졌나? 여전히 알 수 없다. 그저 닥쳐 올 시대의 파고 앞에서","<책소개> 어느 날 문득 눈을 떠 보니 조선 말기였다. 누가 나를 이곳으로 보냈나, 누가 나를 이 지옥 같은 시대로 던졌나? 여전히 알 수 없다. 그저 닥쳐 올 시대의 파고 앞에서 살고자 나아갈 뿐. 허나 살고자 몸부림친 생존의 바람은 거대한 꿈으로 피어나니, 마침내 오...",https://img.ridicdn.net/cover/1534098919/large,https://img.ridicdn.net/cover/1534098919/large,Y
불꽃의 기사,3,문피아,도동파,,<책소개> 기사가 되고 싶은 마법 소년의 성장기,<책소개> 기사가 되고 싶은 마법 소년의 성장기,https://img.ridicdn.net/cover/425191632/large,https://img.ridicdn.net/cover/425191632/large,Y
3회차 톱매니저,3,KW북스,한지훈,,<책소개> 1회차 때 망한 인생 악마를 만나 2회차 때 보란듯이 성공했는데 3회차를 다시 시작하라고? 까짓거 좋아. 이번에는 더 크게 성공해주지! 라는 마음으로 시작했는데 어라? ,<책소개> 1회차 때 망한 인생 악마를 만나 2회차 때 보란듯이 성공했는데 3회차를 다시 시작하라고? 까짓거 좋아. 이번에는 더 크게 성공해주지! 라는 마음으로 시작했는데 어라? 이거 이렇게 가는 게 맞는 건가?,https://img.ridicdn.net/cover/2057136023/large,https://img.ridicdn.net/cover/2057136023/large,Y
내 안에 고블린 작업장,3,제이플러스,흙색,,<책소개> 값싸고 질 좋은 노예…… 가 아니라! 근면 성실하고 부지런한 우리의 친구 고블린! [업무내용] -업주와 상담 [지원자격] -고블린 [복리후생] -숙식 제공 가 ‘족 같은,<책소개> 값싸고 질 좋은 노예…… 가 아니라! 근면 성실하고 부지런한 우리의 친구 고블린! [업무내용] -업주와 상담 [지원자격] -고블린 [복리후생] -숙식 제공 가 ‘족 같은’ 분위기입니다^^ 많은 입사 바랍니다^^,https://img.ridicdn.net/cover/2065040148/large,https://img.ridicdn.net/cover/2065040148/large,Y
필드의 스나이퍼,3,문피아,에에에,,"<책소개> 한쪽 눈의 시야를 잃었지만, 수술 후 기적적으로 돌아온 시야. 그리고 그 순간, 나에겐 필드 전체가 보이기 시작했다.","<책소개> 한쪽 눈의 시야를 잃었지만, 수술 후 기적적으로 돌아온 시야. 그리고 그 순간, 나에겐 필드 전체가 보이기 시작했다.",https://img.ridicdn.net/cover/425191660/large,https://img.ridicdn.net/cover/425191660/large,Y
굿 카페,3,라온E&M,항상,,"<책소개> 사주카페 사장 유달. 그는 ‘귀차니즘’이 몸에 밴 박수무당. 항시 요행수를 바라고, 일하는 시간보다 굿 카페의 알바생인 송보름과 잡담하는 시간이 더 많다. 그런 그도 변","<책소개> 사주카페 사장 유달. 그는 ‘귀차니즘’이 몸에 밴 박수무당. 항시 요행수를 바라고, 일하는 시간보다 굿 카페의 알바생인 송보름과 잡담하는 시간이 더 많다. 그런 그도 변명할 거리가 있으니, 뭐든 손만 대면 일이 커지잖아? 차라리 아무것도 안 하는 게 낫지? 하지만...",https://img.ridicdn.net/cover/1534098915/large,https://img.ridicdn.net/cover/1534098915/large,Y
용병대장과 성녀,3,파피루스,TheTempes,,"<책소개> 15세기 격동의 시대, 그곳에 떨어진 한 남자. 용병대장으로 유럽을 휘젓다가 한 소녀와 마주친다. ""이름이?"" ""잔, 잔이라고 합니다."" 비운의 성녀 잔 다르크와의 얄궂","<책소개> 15세기 격동의 시대, 그곳에 떨어진 한 남자. 용병대장으로 유럽을 휘젓다가 한 소녀와 마주친다. ""이름이?"" ""잔, 잔이라고 합니다."" 비운의 성녀 잔 다르크와의 얄궂은 만남. ""선택은 네 몫이다."" 백년 전쟁을 조기 종결시키고, 나라를 세운 야노시. 최...",https://img.ridicdn.net/cover/777082145/large,https://img.ridicdn.net/cover/777082145/large,Y
이세계에서 데려왔습니다!,3,에이시스미디어,시운H,,<책소개> 세계 최고의 연예인들을 어디서 데려왔냐고? 말해도 믿지 않겠지만……. 나는 이세계에서 데려온다.,<책소개> 세계 최고의 연예인들을 어디서 데려왔냐고? 말해도 믿지 않겠지만……. 나는 이세계에서 데려온다.,https://img.ridicdn.net/cover/3076010909/large,https://img.ridicdn.net/cover/3076010909/large,Y
꿀벌로 먼치킨이 되었습니다,3,JC미디어,피래미96,,<책소개> 시련을 받고 미궁에 떨어졌는데 양봉하게 생겼다.,<책소개> 시련을 받고 미궁에 떨어졌는데 양봉하게 생겼다.,https://img.ridicdn.net/cover/3228020409/large,https://img.ridicdn.net/cover/3228020409/large,Y
목패신공의 전설,3,글고운,comex,,<책소개> 우연히 목패를 주은 화전마을의 단소운. 화전마을을 나와 무림의 하류 계층의 삶을 겪으며 성장한다. 그런데 그 목패가 전설속의 신공을 지닌 목패일 줄이야 !!! 어린 단소,<책소개> 우연히 목패를 주은 화전마을의 단소운. 화전마을을 나와 무림의 하류 계층의 삶을 겪으며 성장한다. 그런데 그 목패가 전설속의 신공을 지닌 목패일 줄이야 !!! 어린 단소운이 성장하면서 겪는 무협 성장물.,https://img.ridicdn.net/cover/3403002070/large,https://img.ridicdn.net/cover/3403002070/large,Y
필드의 근본,3,문피아,시작의바다,,<책소개> 근본이라고는 찾아볼 수 없는 축구 선수 오민호. 다시 시작하다.,<책소개> 근본이라고는 찾아볼 수 없는 축구 선수 오민호. 다시 시작하다.,https://img.ridicdn.net/cover/425191658/large,https://img.ridicdn.net/cover/425191658/large,Y
일념영원,3,KOCM,이근,,<책소개> 부모님의 죽음을 경험한 이후로 죽는 것이 세상에서 가장 두려워진 백소준. 그의 삶의 목표는 오직 오래 살아남는 것이다. 장수(長壽)를 이루기 위해 소준은 선인(仙人)이 ,"<책소개> 부모님의 죽음을 경험한 이후로 죽는 것이 세상에서 가장 두려워진 백소준. 그의 삶의 목표는 오직 오래 살아남는 것이다. 장수(長壽)를 이루기 위해 소준은 선인(仙人)이 되기로 하는데, 선인 이청후를 따라서 들어간 영계종은 만만한 곳이 아니었다. 끈기는 있으나 눈치...",https://img.ridicdn.net/cover/2391024777/large,https://img.ridicdn.net/cover/2391024777/large,Y
퍼펙트 클로저,3,원티드,치킨살해범,,<책소개> 눈물 젖은 빵에 지쳐 야구를 그만두고 치킨집이나 차릴까 하는 찰나. [나만의 선수 육성을 시작합니다.] 기적 같은 일이 벌어지기 시작했다.,<책소개> 눈물 젖은 빵에 지쳐 야구를 그만두고 치킨집이나 차릴까 하는 찰나. [나만의 선수 육성을 시작합니다.] 기적 같은 일이 벌어지기 시작했다.,https://img.ridicdn.net/cover/3049012265/large,https://img.ridicdn.net/cover/3049012265/large,Y
몽골에서 유럽까지,3,KW북스,Cheezy,,<책소개> 수레바퀴보다 큰 사람은 다 죽여라. 전세계를 공포에 떨게 한 칭기즈칸의 명령. 그리고 몽골 제국으로 전생한 평범한 편돌이. 내가 도망치면 어머니와 친구들이 죽는다 몽골 ,<책소개> 수레바퀴보다 큰 사람은 다 죽여라. 전세계를 공포에 떨게 한 칭기즈칸의 명령. 그리고 몽골 제국으로 전생한 평범한 편돌이. 내가 도망치면 어머니와 친구들이 죽는다 몽골 제국의 세계 정복에 강제로 휘말린 그의 운명은? 파란만장한 그의 일...,https://img.ridicdn.net/cover/2057136011/large,https://img.ridicdn.net/cover/2057136011/large,Y
성스러운 아이돌,3,라온E&M,신화진,,"<책소개> 만인의 사랑을 받는 대신관 렘브러리. 무명 3년 차 핵잠수함 아이돌 멤버의 몸에 들어와 버렸다! ""내가 아이돌이라고? 아이돌이 무엇이냐?"" “이거 말투 왜 이래? 또 이","<책소개> 만인의 사랑을 받는 대신관 렘브러리. 무명 3년 차 핵잠수함 아이돌 멤버의 몸에 들어와 버렸다! ""내가 아이돌이라고? 아이돌이 무엇이냐?"" “이거 말투 왜 이래? 또 이상한 책보다 잔 거 아냐?!” “참으로 곤혹스럽구나. 진정하거라.” “아 이상한 컨셉 ...",https://img.ridicdn.net/cover/1534080110/large,https://img.ridicdn.net/cover/1534080110/large,Y
후작가의 망령재림,3,KW북스,Lab.No9,,<책소개> 제국을 멸하고자 죽음에서 돌아왔다. 그런데 너무 늦게 돌아온 모양이다.,<책소개> 제국을 멸하고자 죽음에서 돌아왔다. 그런데 너무 늦게 돌아온 모양이다.,https://img.ridicdn.net/cover/2093062689/large,https://img.ridicdn.net/cover/2093062689/large,Y
마운드의 짐승,3,KW북스,이블라인,,"<책소개> 남자라면 패스트볼! 패스트볼밖에 모르는 트리플A 선수, 유범. -야구의 신님! 최고의 패스트볼 선수가 되게 해주세요! 훈련 전 습관처럼 하는 말에 어느 날부터 이상한 문","<책소개> 남자라면 패스트볼! 패스트볼밖에 모르는 트리플A 선수, 유범. -야구의 신님! 최고의 패스트볼 선수가 되게 해주세요! 훈련 전 습관처럼 하는 말에 어느 날부터 이상한 문구가 보이기 시작했다. [원하는 패스트볼의 종류를 선택하세요. 선택하신 구종에 따라 퀘스트...",https://img.ridicdn.net/cover/2057136015/large,https://img.ridicdn.net/cover/2057136015/large,Y
"진화, 어디까지 해봤니?",3,문피아,점소이99,,<책소개> 진화하는 괴물이 되었다.,<책소개> 진화하는 괴물이 되었다.,https://img.ridicdn.net/cover/2057136005/large,https://img.ridicdn.net/cover/2057136005/large,Y
"퍼펙트, 리턴 라이프",3,Arete,마루이든,,"<책소개> 누군가에게는 너무나 흔한 인생의 실패. 과거에 잘못된 선택을 바로잡으며 성공을 위해 도전하는 호성의 성장 이야기이며. 흔한 주식의 변동률이나 자세한 사항은 모르는, 그렇","<책소개> 누군가에게는 너무나 흔한 인생의 실패. 과거에 잘못된 선택을 바로잡으며 성공을 위해 도전하는 호성의 성장 이야기이며. 흔한 주식의 변동률이나 자세한 사항은 모르는, 그렇기에 누구나 알만한 흔한 것으로 투자를 시작하며. 음식과 예능과 같은 문화 계열로 성공해나가는 ...",https://img.ridicdn.net/cover/809028401/large,https://img.ridicdn.net/cover/809028401/large,Y
회귀자의 로열라이프,3,Arete,한얼23,,<책소개> 미래의 기억인지 회귀인지 알지 못하는 기억들. 그 기억으로 강우는 가족의 행복을 위해 나아간다. <저자 소개> 안녕하세요. 한얼23입니다. 항상 좋은 글을 쓰는 작가가 ,<책소개> 미래의 기억인지 회귀인지 알지 못하는 기억들. 그 기억으로 강우는 가족의 행복을 위해 나아간다. <저자 소개> 안녕하세요. 한얼23입니다. 항상 좋은 글을 쓰는 작가가 되겠습니다.,https://img.ridicdn.net/cover/2057136010/large,https://img.ridicdn.net/cover/2057136010/large,Y
"재벌집 서자, 그레이트 어게인",3,제이플러스,굿라이버,,<책소개> [현대판타지] [재벌] [회귀] [황금전쟁][세계금융대전] 폭망한 재벌가 2세 다시 기회를 얻다. 세계 제 1 금융권력을 향한 그의 도전…,<책소개> [현대판타지] [재벌] [회귀] [황금전쟁][세계금융대전] 폭망한 재벌가 2세 다시 기회를 얻다. 세계 제 1 금융권력을 향한 그의 도전…,https://img.ridicdn.net/cover/3586009325/large,https://img.ridicdn.net/cover/3586009325/large,Y
은둔형 마법사,3,문피아,후로스트,,<책소개> 집 밖은 위험해.,<책소개> 집 밖은 위험해.,https://img.ridicdn.net/cover/2391024787/large,https://img.ridicdn.net/cover/2391024787/large,Y
퀘스트로 재능재벌,3,문피아,SEOLEE,,<책소개> 죽었다 깨도 안 된다는 말이 있지? 근데 말이야. 진짜 죽었다 깨보니 되던데?,<책소개> 죽었다 깨도 안 된다는 말이 있지? 근데 말이야. 진짜 죽었다 깨보니 되던데?,https://img.ridicdn.net/cover/2065041143/large,https://img.ridicdn.net/cover/2065041143/large,Y
이혼 후 먼치킨,3,Arete,럭키7,,<책소개> 갑작스러운 이혼 후. 인생이 술술 풀리기 시작했다. #이혼 #각성 #인생역전,<책소개> 갑작스러운 이혼 후. 인생이 술술 풀리기 시작했다. #이혼 #각성 #인생역전,https://img.ridicdn.net/cover/425191575/large,https://img.ridicdn.net/cover/425191575/large,Y
무한전생-엘름 연대기,3,KW북스,광악,,<책소개> 신성한 땅 엘름에서 벌어지는 무한전생자의 역사,<책소개> 신성한 땅 엘름에서 벌어지는 무한전생자의 역사,https://img.ridicdn.net/cover/2057135986/large,https://img.ridicdn.net/cover/2057135986/large,Y
다재다능 아기방송,3,파피루스,23월,,"<책소개> 춤도, 노래도 다 잘하는 만능 아이돌 우승현. 운 나쁘게도 무대 위에서 죽어 버렸다. ""으애애애앵!"" 이게 무슨 소리야? 나 설마 아기가 된 건가? ""모두의 사랑을 받는","<책소개> 춤도, 노래도 다 잘하는 만능 아이돌 우승현. 운 나쁘게도 무대 위에서 죽어 버렸다. ""으애애애앵!"" 이게 무슨 소리야? 나 설마 아기가 된 건가? ""모두의 사랑을 받는 아기가 되겠어!"" 춤과 노래는 물론 끼도 넘치고, 스타성까지 갖췄다. 못 하는 게 없는...",https://img.ridicdn.net/cover/1811178145/large,https://img.ridicdn.net/cover/1811178145/large,Y
히든 퀘스트로 탑셰프,3,문피아,글망쟁이,,<책소개> [히든 스테이지를 개방합니다.] [히든 스테이지 1: 로마 (20 AD)] 내가 만든 요리의 재료는 과거에서 온다.,<책소개> [히든 스테이지를 개방합니다.] [히든 스테이지 1: 로마 (20 AD)] 내가 만든 요리의 재료는 과거에서 온다.,https://img.ridicdn.net/cover/1534098923/large,https://img.ridicdn.net/cover/1534098923/large,Y
기억을 듣는 회사원,3,파피루스,파뱅이,,"<책소개> 기억(記憶), 전의 인상이나 경험을 의식 속에 간직하거나 도로 생각해 냄. 어느 날부터 듣게 된, 타인의 기억 그 시작은 사물이었다! 사물에 담긴 타인의 기억을 듣고 한","<책소개> 기억(記憶), 전의 인상이나 경험을 의식 속에 간직하거나 도로 생각해 냄. 어느 날부터 듣게 된, 타인의 기억 그 시작은 사물이었다! 사물에 담긴 타인의 기억을 듣고 한 수 앞서 행동한다! 『기억을 듣는 회사원』 누구보다 인간적인, 누구보다 따뜻한 원지훈의...",https://img.ridicdn.net/cover/2351043703/large,https://img.ridicdn.net/cover/2351043703/large,Y
멸망한 세계의 꿀벌,3,팀오쉬,신광호,,"<책소개> 초월자의 개입으로 인해, 게임과 같이 변해버린 세상. 종말과도 같은 상황 속에서 남들이 목숨을 걸고 사투를 벌이고 있을 때, 나는 꿀을 빨겠다. 복슬복슬하고 탐스러운 엉","<책소개> 초월자의 개입으로 인해, 게임과 같이 변해버린 세상. 종말과도 같은 상황 속에서 남들이 목숨을 걸고 사투를 벌이고 있을 때, 나는 꿀을 빨겠다. 복슬복슬하고 탐스러운 엉덩이를 뽐내는 요망한 꿀벌들과 함께, 달달한 꿀내음나는 진짜 꿀을 말이다. [아...",https://img.ridicdn.net/cover/1534098926/large,https://img.ridicdn.net/cover/1534098926/large,Y
신풍기협(神風奇俠),3,로크미디어,윤신현,,"<책소개> 사부와 함께 떠났던 고향. 기다리는 친구들 곁으로 돌아온 강진혁은 사부의 유언을 지키기 위해 강호로 나선다. 반드시 돌아오겠다는 약속을 남기고. ""믿어라. 난 결코 허언","<책소개> 사부와 함께 떠났던 고향. 기다리는 친구들 곁으로 돌아온 강진혁은 사부의 유언을 지키기 위해 강호로 나선다. 반드시 돌아오겠다는 약속을 남기고. ""믿어라. 난 결코 허언을 하지 않는다."" 무인으로 살 것인가, 무림인으로 살 것인가. 고민을 안고 나아가는 강진혁의 ...",https://img.ridicdn.net/cover/2057136019/large,https://img.ridicdn.net/cover/2057136019/large,Y
조선을 탈출하라!,3,문피아,Mr.환,,<책소개> 답답해서 이대로는 못살겠는데...확 조선에서 탈출할까?,<책소개> 답답해서 이대로는 못살겠는데...확 조선에서 탈출할까?,https://img.ridicdn.net/cover/1534098919/large,https://img.ridicdn.net/cover/1534098919/large,Y
나 죽고 혁명해라,3,매드햇,하드폭발,,<책소개> 흙수저였던 나는 이세계에서 대귀족이 되었다. 그런데 혁명이 시작된단다. 봉건제 타파? 부패척결? 압제의 종말? 좋지! 근데... 그런 거 굳이 내가 살아있을 때 해야겠냐,<책소개> 흙수저였던 나는 이세계에서 대귀족이 되었다. 그런데 혁명이 시작된단다. 봉건제 타파? 부패척결? 압제의 종말? 좋지! 근데... 그런 거 굳이 내가 살아있을 때 해야겠냐?,https://img.ridicdn.net/cover/425191632/large,https://img.ridicdn.net/cover/425191632/large,Y
"조선, 제국을 꿈꾸다",3,뿔미디어,세래,,"<책소개> 역사학자 정현, 영조의 아들인 효장세자로 깨어나다! 격변하는 시대, 근대가 태동하는 18세기. 세상의 흐름에 뒤처져 망국으로 치달은 조선의 역사를 다시 써라! 원래의 역","<책소개> 역사학자 정현, 영조의 아들인 효장세자로 깨어나다! 격변하는 시대, 근대가 태동하는 18세기. 세상의 흐름에 뒤처져 망국으로 치달은 조선의 역사를 다시 써라! 원래의 역사는 버려라! 이제 조선은 제국을 꿈꾸기 시작했다!",https://img.ridicdn.net/cover/2057136023/large,https://img.ridicdn.net/cover/2057136023/large,Y
만렙 잡캐,3,제이플미디어,케이로드,,"<책소개> 이 낯선 땅에 너무 오래 있었다. 이제 고향의 기억은 흐릿해졌고, 쓸모없는 기억만 가득 채워졌다. 이 빌어먹을 세계는 한때 게임이었다. 게임이 현실이 된 것인지, 아니면","<책소개> 이 낯선 땅에 너무 오래 있었다. 이제 고향의 기억은 흐릿해졌고, 쓸모없는 기억만 가득 채워졌다. 이 빌어먹을 세계는 한때 게임이었다. 게임이 현실이 된 것인지, 아니면 그동안 게임인 척했을 뿐인지는 모르겠지만 어쨌든 한때는 그러했다. 현실이 된 게임에선 아...",https://img.ridicdn.net/cover/2065040148/large,https://img.ridicdn.net/cover/2065040148/large,Y
당신의 마나통은 안녕하십니까?,3,문피아,높푸름,,<책소개> 대변혁이 일어나고 모든 생명체에는 마나를 담는 그릇인 마나통이 생성되었다. 그런데 멀쩡히 내 몸 안에 있다고 생각한 마나통이 나도 모르는 사이에 거래가 되었단다. 그것도,<책소개> 대변혁이 일어나고 모든 생명체에는 마나를 담는 그릇인 마나통이 생성되었다. 그런데 멀쩡히 내 몸 안에 있다고 생각한 마나통이 나도 모르는 사이에 거래가 되었단다. 그것도 일본 놈 미우라에게 말이다. 미우라 놈에게 죽임을 당하며 알게 된 이 믿지 못할 사실! 우리...,https://img.ridicdn.net/cover/425191660/large,https://img.ridicdn.net/cover/425191660/large,Y
너의 인테리어가 보여,3,문피아,홍실장,,"<책소개> 손 좀 줘보실래요? 손만 대면 상대방이 원하는 디자인이 보인다. 말단 현장기사의 인테리어 이야기. 전문가물인가, 회사물인가, 일상물인가..?","<책소개> 손 좀 줘보실래요? 손만 대면 상대방이 원하는 디자인이 보인다. 말단 현장기사의 인테리어 이야기. 전문가물인가, 회사물인가, 일상물인가..?",https://img.ridicdn.net/cover/1534098915/large,https://img.ridicdn.net/cover/1534098915/large,Y
나는 전생을 기억한다,3,라온E&M,이기준,,"<책소개> 전생이 암살자였다는 사실 하나만으로는 인생이 극적으로 바뀌지 않았다. 그 전화가 걸려오기 전까지는. ""안녕하십니까, 대한민국 외교부입니다."" <저자 소개> 그럴듯한 장르","<책소개> 전생이 암살자였다는 사실 하나만으로는 인생이 극적으로 바뀌지 않았다. 그 전화가 걸려오기 전까지는. ""안녕하십니까, 대한민국 외교부입니다."" <저자 소개> 그럴듯한 장르적 픽션을 지향하는 글쟁이.",https://img.ridicdn.net/cover/777082145/large,https://img.ridicdn.net/cover/777082145/large,Y
삼국지 공손찬 아들이 되었다,3,문피아,마음의음식,,<책소개> 공손찬의 아들이 되었다. 삼국지 세계로 들어섰다.,<책소개> 공손찬의 아들이 되었다. 삼국지 세계로 들어섰다.,https://img.ridicdn.net/cover/3076010909/large,https://img.ridicdn.net/cover/3076010909/large,Y
제자들이 너무 강해!,3,KW북스,작은작가,,"<책소개> 천하제일의 선생, 아니, 회피만 할 줄 아는 선생! “역시 스승님은 강하다.” 아닌데, 피할 줄만 아는데! “선생님이 봐주시지 않으셨다면…….” 주먹이 빗나간 건데! 도","<책소개> 천하제일의 선생, 아니, 회피만 할 줄 아는 선생! “역시 스승님은 강하다.” 아닌데, 피할 줄만 아는데! “선생님이 봐주시지 않으셨다면…….” 주먹이 빗나간 건데! 도망과 회피 능력의 대가로 작은 사건조차 단명할 운명을 타고난 선생 천하...",https://img.ridicdn.net/cover/3228020409/large,https://img.ridicdn.net/cover/3228020409/large,Y
"흙수저, 회귀로 국회의원 되다",3,라온E&M,사월사일,,"<책소개> 회귀한 보좌관의 국회의원 도전기. “우리, 진짜 정치 한번 해 봅시다.” 복마전 같은 여의도, 나는 다시 그곳에 발을 내디뎠다. <저자 소개> 안녕하세요. 사월사일입니다","<책소개> 회귀한 보좌관의 국회의원 도전기. “우리, 진짜 정치 한번 해 봅시다.” 복마전 같은 여의도, 나는 다시 그곳에 발을 내디뎠다. <저자 소개> 안녕하세요. 사월사일입니다. 모두, 행복한 하루 보내세요~~",https://img.ridicdn.net/cover/3403002070/large,https://img.ridicdn.net/cover/3403002070/large,Y
대통령 각하 만세,3,문피아,리첼렌,,"<책소개> 1904년 2월 23일, 역사는 오랜 지병이었던 현대인의 개입으로 쓰러졌다. 무턱대고 일 벌였다가 뒷수습에 목숨 걸게 된 조지원의 운명은? ""날 따르던가, 입 다물고 있","<책소개> 1904년 2월 23일, 역사는 오랜 지병이었던 현대인의 개입으로 쓰러졌다. 무턱대고 일 벌였다가 뒷수습에 목숨 걸게 된 조지원의 운명은? ""날 따르던가, 입 다물고 있던가, 그도 싫으면 내 손에 죽던가.""",https://img.ridicdn.net/cover/425191658/large,https://img.ridicdn.net/cover/425191658/large,Y
로또맞은 청년가장,3,로크미디어,소수림,,<책소개> 청년가장 수혁이 로또 1등에 당첨되어 꿈을 향해 달려간다. <저자 소개> 저자 소수림,<책소개> 청년가장 수혁이 로또 1등에 당첨되어 꿈을 향해 달려간다. <저자 소개> 저자 소수림,https://img.ridicdn.net/cover/2391024777/large,https://img.ridicdn.net/cover/2391024777/large,Y
용사를 방치했더니 차원 최강,3,제이플러스,갯장어,,<책소개> 재주는 용사가 넘고 보상은 내가 받는다.,<책소개> 재주는 용사가 넘고 보상은 내가 받는다.,https://img.ridicdn.net/cover/3049012265/large,https://img.ridicdn.net/cover/3049012265/large,Y
70억분의 1의 이레귤러,3,알에스미디어,란델,,<책소개> [게임][파티][레이드][전쟁] 과도한 감각 증폭 현상인 ‘선천적 과몰입 증후군’으로 가상현실을 할 수 없는 주승호. 어느 날 그에게 색 모를 동아줄이 내려온다. 바로 ,"<책소개> [게임][파티][레이드][전쟁] 과도한 감각 증폭 현상인 ‘선천적 과몰입 증후군’으로 가상현실을 할 수 없는 주승호. 어느 날 그에게 색 모를 동아줄이 내려온다. 바로 ‘4세대 VRS’ 기기의 테스터! 테스터를 거쳐 가상현실을 할 수 있게 되었을 때, 처음...",https://img.ridicdn.net/cover/2057136011/large,https://img.ridicdn.net/cover/2057136011/large,Y
귀환자의 게임 라이프,3,JC미디어,라이온,,"<책소개> 아무것도 기억하지 못했다. 지구로 돌아가야 한다는 사실 외에는. 클리포트의 영웅, 강유한은 십 여년의 고생 끝에 지구로 귀환했다. ...그런데 게임이 너무 재미있다.","<책소개> 아무것도 기억하지 못했다. 지구로 돌아가야 한다는 사실 외에는. 클리포트의 영웅, 강유한은 십 여년의 고생 끝에 지구로 귀환했다. ...그런데 게임이 너무 재미있다.",https://img.ridicdn.net/cover/1534080110/large,https://img.ridicdn.net/cover/1534080110/large,Y
나 혼자 부활한다,3,현나라,한소,,<책소개> [독점연재] ‘사람은 죽을 고비를 넘으면 각성을 한다.’ 흔히들 하는 말이다. 그렇다면 정말 죽어버리면 어떨까? ▫고유 능력 : 부활 “개사기 스킬 아냐? 무조건 부활한,<책소개> [독점연재] ‘사람은 죽을 고비를 넘으면 각성을 한다.’ 흔히들 하는 말이다. 그렇다면 정말 죽어버리면 어떨까? ▫고유 능력 : 부활 “개사기 스킬 아냐? 무조건 부활한다니. 개꿀이네!” 강현이 다가올 미래를 모른채 히죽 웃었다. ...,https://img.ridicdn.net/cover/2093062689/large,https://img.ridicdn.net/cover/2093062689/large,Y
둔재장남은 무공천재,3,고렘팩토리,장진백,,<책소개> 회귀했더니 무공천재가 되었다! <저자 소개> 안녕하세요. 작가 장진백입니다. 잘 부탁드립니다.,<책소개> 회귀했더니 무공천재가 되었다! <저자 소개> 안녕하세요. 작가 장진백입니다. 잘 부탁드립니다.,https://img.ridicdn.net/cover/2057136015/large,https://img.ridicdn.net/cover/2057136015/large,Y
몽골 사용 설명서,3,KW북스,두눈뜬왕,,<책소개> 고려에 갑자기 떨어진 현대인 송민호. 정신을 차려보니 고려인 잘놈의 몸! 자신을 이곳에 데려온 ‘시스템’에 반발하여 고려를 배신하고 몽골에 붙는다. 고려 변방에서 카라코,<책소개> 고려에 갑자기 떨어진 현대인 송민호. 정신을 차려보니 고려인 잘놈의 몸! 자신을 이곳에 데려온 ‘시스템’에 반발하여 고려를 배신하고 몽골에 붙는다. 고려 변방에서 카라코룸으로. 카라코룸에서 페르시아로! 왕이 되어 몽골에게서 독립하기 위한 주인공의 대서사시.,https://img.ridicdn.net/cover/2057136005/large,https://img.ridicdn.net/cover/2057136005/large,Y
왕자를 너무 잘함,3,에이시스미디어,유맹원,,<책소개> 얼굴이 똑같다는 이유로 왕자 대역을 하게 되었다. 근데 제국의 볼모로 끌려간 가짜가 왕자 역할을 잘 해도 너무 잘 하는데?,<책소개> 얼굴이 똑같다는 이유로 왕자 대역을 하게 되었다. 근데 제국의 볼모로 끌려간 가짜가 왕자 역할을 잘 해도 너무 잘 하는데?,https://img.ridicdn.net/cover/809028401/large,https://img.ridicdn.net/cover/809028401/large,Y
패기로운 소림생활!,3,Arete,금의행,,<책소개> 투귀. 깨어나 보니 낡고 볼품없는 절이었다. 여기가 소림사라고? 과거의 영광이 사라져버린 소림사. 이제는 중이 된 투귀의 소림사 재건기. <저자 소개> 안녕하세요. 금의,<책소개> 투귀. 깨어나 보니 낡고 볼품없는 절이었다. 여기가 소림사라고? 과거의 영광이 사라져버린 소림사. 이제는 중이 된 투귀의 소림사 재건기. <저자 소개> 안녕하세요. 금의행입니다. 이번 작도 잘 부탁드립니다.,https://img.ridicdn.net/cover/2057136010/large,https://img.ridicdn.net/cover/2057136010/large,Y
내 뇌속에 하드 디스크가 존재한다,3,KW북스,얕은,,"<책소개> 어느 날 갑자기 극심한 두통과 함께, 이상한 창이 하나 보이기 시작했다. [□□□□□□□□■] [드라이브가 설치 중입니다 20%] 컴퓨터에 있을 법한 보조기억장치가 내 ","<책소개> 어느 날 갑자기 극심한 두통과 함께, 이상한 창이 하나 보이기 시작했다. [□□□□□□□□■] [드라이브가 설치 중입니다 20%] 컴퓨터에 있을 법한 보조기억장치가 내 뇌 속에 들어 있다. [하드 디스크(용량:10MB) 설치가 완료되었습니다.]...",https://img.ridicdn.net/cover/3586009325/large,https://img.ridicdn.net/cover/3586009325/large,Y
레전드급 전생자,3,도서출판 청어람,홍성은,,"<책소개> “태어날……, 세계를……. 잘못 골랐어…….” - 크흠, 자네. 태어날 세계를 잘못 고르셨다고? 죽기 직전에 들린 노인의 목소리. 다른 세계에서 새 삶을 시작한다! #대","<책소개> “태어날……, 세계를……. 잘못 골랐어…….” - 크흠, 자네. 태어날 세계를 잘못 고르셨다고? 죽기 직전에 들린 노인의 목소리. 다른 세계에서 새 삶을 시작한다! #대기만성 #만능잡캐 #유물독식 <저자 소개> 홍성은",https://img.ridicdn.net/cover/2391024787/large,https://img.ridicdn.net/cover/2391024787/large,Y
너의 소울푸드가 보여!,3,JC미디어,알랜더,,<책소개> 사람들의 소울푸드가 보이기 시작했다.,<책소개> 사람들의 소울푸드가 보이기 시작했다.,https://img.ridicdn.net/cover/2065041143/large,https://img.ridicdn.net/cover/2065041143/large,Y
내가 고니시라니,3,글로번,엔요,,<책소개> 내가 고니시 유키나가가 되었다 이 말인가?,<책소개> 내가 고니시 유키나가가 되었다 이 말인가?,https://img.ridicdn.net/cover/425191575/large,https://img.ridicdn.net/cover/425191575/large,Y
"투수 끝, 타자시작",3,문피아,신원미상자,,<책소개> 비참한 순간에 겪은 회귀. 새로운 삶에서는 새로운 길을 걷는다.,<책소개> 비참한 순간에 겪은 회귀. 새로운 삶에서는 새로운 길을 걷는다.,https://img.ridicdn.net/cover/2057135986/large,https://img.ridicdn.net/cover/2057135986/large,Y
몰락한 남작가의 회귀자,3,로크미디어,Q10,,<책소개> 오늘 또 다시 저택은 불타올랐지만 더이상은 이전 삶과 같지 않을 것이다. 나의 가문을 위해 그리고 세상을 공허하게 만드는것들을 베어내기 위해. <저자 소개> 저자 Q10,<책소개> 오늘 또 다시 저택은 불타올랐지만 더이상은 이전 삶과 같지 않을 것이다. 나의 가문을 위해 그리고 세상을 공허하게 만드는것들을 베어내기 위해. <저자 소개> 저자 Q10,https://img.ridicdn.net/cover/1811178145/large,https://img.ridicdn.net/cover/1811178145/large,Y
배틀로얄 차이나-중국의 군벌이 되었다,3,매드햇,지구작가,,<책소개> 중국 군벌이 된 그는 과연 어떻게 될 것인가?,<책소개> 중국 군벌이 된 그는 과연 어떻게 될 것인가?,https://img.ridicdn.net/cover/1534098923/large,https://img.ridicdn.net/cover/1534098923/large,Y
내 아기곰이 너무 강함,3,라온E&M,편몽,,"<책소개> < 용은 지겹다. 이젠 곰의 시대야. > 지금까지 이런 곰은 없었다. 전지전능 슈퍼 아기곰, 고미. 전직 대학원생 김수하, 던전에서 슈퍼 먼치킨 아기곰을 만나다. “키우","<책소개> < 용은 지겹다. 이젠 곰의 시대야. > 지금까지 이런 곰은 없었다. 전지전능 슈퍼 아기곰, 고미. 전직 대학원생 김수하, 던전에서 슈퍼 먼치킨 아기곰을 만나다. “키우거라.”, “네?”, “키우라고.” 사상최강의 슈퍼 아기곰, 고미와 함께 하는 즐거...",https://img.ridicdn.net/cover/2351043703/large,https://img.ridicdn.net/cover/2351043703/large,Y
즐거운 아포칼립스 생활,3,매드햇,눌프,,<책소개> 지구가 멸망했는데 너무 즐겁다. #힐링 #영지물 #좀비퇴치,<책소개> 지구가 멸망했는데 너무 즐겁다. #힐링 #영지물 #좀비퇴치,https://img.ridicdn.net/cover/1534098926/large,https://img.ridicdn.net/cover/1534098926/large,Y
철수를 구하시오,3,에이시스미디어,가짜과학자,,"<책소개> (서술형)철수는 지구에서 소행성 라마를 관찰하고 있다. 소행성 라마는 17.5km/s의 속도로 지구에 접근하고 있으며 가속 중에 있다. 이 때, 철수를 구하시오(4점)","<책소개> (서술형)철수는 지구에서 소행성 라마를 관찰하고 있다. 소행성 라마는 17.5km/s의 속도로 지구에 접근하고 있으며 가속 중에 있다. 이 때, 철수를 구하시오(4점)",https://img.ridicdn.net/cover/2057136019/large,https://img.ridicdn.net/cover/2057136019/large,Y
나는 공산당이 싫어요!,3,KW북스,사람J,,"<책소개> 실패한 사학도였던 나, 눈을 떠보니 거대 제국의 황태자라니? 근데 그 황태자가 러시아 제국의 마지막 황제 니콜라이 2세라고? 러일 전쟁, 1차세계대전, 러시아 혁명의 물","<책소개> 실패한 사학도였던 나, 눈을 떠보니 거대 제국의 황태자라니? 근데 그 황태자가 러시아 제국의 마지막 황제 니콜라이 2세라고? 러일 전쟁, 1차세계대전, 러시아 혁명의 물길 속에서 살아남으려 발버둥 치는 이야기",https://img.ridicdn.net/cover/1534098919/large,https://img.ridicdn.net/cover/1534098919/large,Y
미래예지로 투자재벌,3,휴먼와이즈미디어,정상수,,<책소개> 자신은 어릴 적부터 ‘감이 좋다’는 소리를 들었다. 본인의 생각에도 그런 면이 있었다. 항상 자신의 주변에서 무슨 일이 벌어지기 직전에 느낌이 좋거나 나빴고 그 느낌에 ,<책소개> 자신은 어릴 적부터 ‘감이 좋다’는 소리를 들었다. 본인의 생각에도 그런 면이 있었다. 항상 자신의 주변에서 무슨 일이 벌어지기 직전에 느낌이 좋거나 나빴고 그 느낌에 순응하여 행동하면 좋은 일이 벌어지거나 나쁜 일을 피할 수 있었다. 반면 무시할 경우에는 좋지 ...,https://img.ridicdn.net/cover/425191632/large,https://img.ridicdn.net/cover/425191632/large,Y
애독자의 복선 회수일지,3,에이시스미디어,후루바,,<책소개> 맥거핀으로 가득한 어느 괴작 소설 속 대공 가문의 망나니 차남이 되었다. 그런데 나는 이 소설의 전개와 설정을 줄줄이 꿰고 있는 고인물 독자였다. [책빙의][성장][독점,<책소개> 맥거핀으로 가득한 어느 괴작 소설 속 대공 가문의 망나니 차남이 되었다. 그런데 나는 이 소설의 전개와 설정을 줄줄이 꿰고 있는 고인물 독자였다. [책빙의][성장][독점],https://img.ridicdn.net/cover/2057136023/large,https://img.ridicdn.net/cover/2057136023/large,Y
청동기 시대에서 살아남기,3,문피아,볼트맨형님,,<책소개> 이게 무슨 소리야?! 에잇 청동기라니. 청동기라니 말도 안 돼. 어허허허헠. 기원전 16세기 한반도 청동기 시대! 변기도 휴지도 없다. 불편한 것 천지인데. 맹수놈들이 ,<책소개> 이게 무슨 소리야?! 에잇 청동기라니. 청동기라니 말도 안 돼. 어허허허헠. 기원전 16세기 한반도 청동기 시대! 변기도 휴지도 없다. 불편한 것 천지인데. 맹수놈들이 나를 습격할 수 있는 야생 그 자체의 땅. 양변기를 만들어 사용하는 그 날까지! 문명을 만...,https://img.ridicdn.net/cover/2065040148/large,https://img.ridicdn.net/cover/2065040148/large,Y
망나니 1왕자가 되었다,3,고렘팩토리,글럼프,,"<책소개> 검으로 환생해 수백년을 살다, 덜컥 열다섯 망나니 왕자의 몸을 차지하게 되었다.","<책소개> 검으로 환생해 수백년을 살다, 덜컥 열다섯 망나니 왕자의 몸을 차지하게 되었다.",https://img.ridicdn.net/cover/425191660/large,https://img.ridicdn.net/cover/425191660/large,Y
이드,3,드림북스,김대우,,<책소개> 어느 날 원인 모를 빛 무리와 함께 차원의 벽을 넘은 예천화. 어쩌다 보니 드래곤 그래이드론의 능력을 이어받고 마법검 라미아의 주인도 되었다. 이드라는 새로운 이름으로 ,<책소개> 어느 날 원인 모를 빛 무리와 함께 차원의 벽을 넘은 예천화. 어쩌다 보니 드래곤 그래이드론의 능력을 이어받고 마법검 라미아의 주인도 되었다. 이드라는 새로운 이름으로 중원에 돌아가기 위한 여행이 시작된다. <저자 소개> 저자 - 김대우 퓨전 판타...,https://img.ridicdn.net/cover/1534098915/large,https://img.ridicdn.net/cover/1534098915/large,Y
삼국지 여포전,3,글로번,박민우,,"<책소개> 천하를 웅패하고자 영웅들이 난무하던 시대. 최고의 무장 여포는 한순간의 실수로 역사의 뒤안길로 사라졌다. 삶의 마지막 순간, “내게 단 한 번만 기회를 준다면 천하를 웅","<책소개> 천하를 웅패하고자 영웅들이 난무하던 시대. 최고의 무장 여포는 한순간의 실수로 역사의 뒤안길로 사라졌다. 삶의 마지막 순간, “내게 단 한 번만 기회를 준다면 천하를 웅패하리라!” 그리고 눈을 떴을 때, 그는 혈기왕성하던 이십 대로 돌아와 있었다. ...",https://img.ridicdn.net/cover/777082145/large,https://img.ridicdn.net/cover/777082145/large,Y
고양이로 다시 태어났습니다,3,현나라,수박주스,,<책소개> 고양이로 다시 태어났습니다. 새로운 묘생을 살게 되었습니다. <저자 소개> 현대 판타지 소설 작가,<책소개> 고양이로 다시 태어났습니다. 새로운 묘생을 살게 되었습니다. <저자 소개> 현대 판타지 소설 작가,https://img.ridicdn.net/cover/3076010909/large,https://img.ridicdn.net/cover/3076010909/large,Y
마법사가 힘을 안 숨김,3,스토리튠즈,자리,,"<책소개> [독점연재] #게임판타지#힘법사#스트리머#프로게이머#히든클래스 둔기전사, 레반. 우연찮게 레전더리 클래스, 워메이지로 전직할 기회를 얻다. 그런데 클래스가 하필이면 마법","<책소개> [독점연재] #게임판타지#힘법사#스트리머#프로게이머#히든클래스 둔기전사, 레반. 우연찮게 레전더리 클래스, 워메이지로 전직할 기회를 얻다. 그런데 클래스가 하필이면 마법사? ""아니 재벌 아니면 못 키운다는 마법사를 내가 어떻게 키워?"" ...",https://img.ridicdn.net/cover/3228020409/large,https://img.ridicdn.net/cover/3228020409/large,Y
약빨이 신선함,3,문피아,아로鴉路,,"<책소개> 비타민, 칼슘, 오메가-3, 프로폴리스, 글루코사민...... 그 모두가 내게는 영약(靈藥)이 된다.","<책소개> 비타민, 칼슘, 오메가-3, 프로폴리스, 글루코사민...... 그 모두가 내게는 영약(靈藥)이 된다.",https://img.ridicdn.net/cover/3403002070/large,https://img.ridicdn.net/cover/3403002070/large,Y
미식을 파는 상인,3,매드햇,티치,,"<책소개> 꿈도 희망도 없는 중세 판타지 세계에 환생한 열네 살 소년 요한. 동네 사람들의 텃세로 입에 겨우 풀칠만 하고 다니던 그는, 우연한 계기로 마을의 제자가 될 기회를 얻는","<책소개> 꿈도 희망도 없는 중세 판타지 세계에 환생한 열네 살 소년 요한. 동네 사람들의 텃세로 입에 겨우 풀칠만 하고 다니던 그는, 우연한 계기로 마을의 제자가 될 기회를 얻는다. 기연도, 초능력도, 혈통빨도 없는 평범한 소년의 휴먼 라이프 스토리― 현대 지...",https://img.ridicdn.net/cover/425191658/large,https://img.ridicdn.net/cover/425191658/large,Y
죽지 않는 왕-무왕 단종,3,알에스미디어,코락스,,"<책소개> 수양대군을 한 대 패고 계유정난을 막는다! 습격당하는 노인을 구해낸 진유하는 의도치 않게 군주로서의 삶을 살게 되고, 그가 체내 나노머신 유사지성 '그슨대'와 함께 불멸","<책소개> 수양대군을 한 대 패고 계유정난을 막는다! 습격당하는 노인을 구해낸 진유하는 의도치 않게 군주로서의 삶을 살게 되고, 그가 체내 나노머신 유사지성 '그슨대'와 함께 불멸의 군주로서 미래를 바꾼다.",https://img.ridicdn.net/cover/2391024777/large,https://img.ridicdn.net/cover/2391024777/large,Y
귀환무림,3,파피루스,비혁,,<책소개> 비혁의 신무협 장편소설『귀환무림』남궁세가의 차남으로 태어난 남궁철진 쌍둥이 형과 매순간 비교되는 삶은 열등감뿐. 그래서 가출을 결행하지만 정체 모를 자들에게 납치되고 만,<책소개> 비혁의 신무협 장편소설『귀환무림』남궁세가의 차남으로 태어난 남궁철진 쌍둥이 형과 매순간 비교되는 삶은 열등감뿐. 그래서 가출을 결행하지만 정체 모를 자들에게 납치되고 만다. 그 후로 십 년. 그토록 귀환하길 원했던 중원으로 돌아오기까지 장장 십 년이란 세월이 소요...,https://img.ridicdn.net/cover/3049012265/large,https://img.ridicdn.net/cover/3049012265/large,Y
직감으로 재능초월,3,글로번,불타는마룡,,<책소개> 게임 속 세상에 빙의 된 나는 특전으로 압도적인 천재가 되었다.,<책소개> 게임 속 세상에 빙의 된 나는 특전으로 압도적인 천재가 되었다.,https://img.ridicdn.net/cover/2057136011/large,https://img.ridicdn.net/cover/2057136011/large,Y
대장군 신립,3,문피아,드림판다,,"<책소개> 화학을 전공한 역덕 대학생 장준하 16세기말 조선 최고의 명장, 신립 장군으로 빙의하다! 탄금대 전투까지 겨우 3일 전, 시간이 없다!! #임진왜란 #이순신 #도요토미 ","<책소개> 화학을 전공한 역덕 대학생 장준하 16세기말 조선 최고의 명장, 신립 장군으로 빙의하다! 탄금대 전투까지 겨우 3일 전, 시간이 없다!! #임진왜란 #이순신 #도요토미 히데요시 #도쿠가와 이에야스 #누르하치",https://img.ridicdn.net/cover/1534080110/large,https://img.ridicdn.net/cover/1534080110/large,Y
레이드 뛰는 무림인,3,KW북스,안형찬,,"<책소개> 허망한 죽음을 맞이한 한 낭인이 전생을 각성한다. ""놀랄 일은 아니지."" 진화의 탑에 오를 수 있는 시스템에 접촉하게 된 무림인, 오기. 보잘것없던 낭인의 운명이 달라진","<책소개> 허망한 죽음을 맞이한 한 낭인이 전생을 각성한다. ""놀랄 일은 아니지."" 진화의 탑에 오를 수 있는 시스템에 접촉하게 된 무림인, 오기. 보잘것없던 낭인의 운명이 달라진다.",https://img.ridicdn.net/cover/2093062689/large,https://img.ridicdn.net/cover/2093062689/large,Y
이게 바로 돈맛이다,3,문피아,조회1870만,,"<책소개> 발달장애!', '전신마비!' 환자에서 기적처럼 돌아왔다. 이 세상의 돈과 권력 모두 내 것 으로 취해 두 번 다시는 내 사람을 잃지 않겠다.","<책소개> 발달장애!', '전신마비!' 환자에서 기적처럼 돌아왔다. 이 세상의 돈과 권력 모두 내 것 으로 취해 두 번 다시는 내 사람을 잃지 않겠다.",https://img.ridicdn.net/cover/2057136015/large,https://img.ridicdn.net/cover/2057136015/large,Y
삼국지 : 난세의 애널리스트,3,원티드,인더정글,,<책소개> 곧 망할 황건적을 집어 삼켜 자신의 세력으로 만들고 동탁의 뒤통수를 쳐서라도 살아돌아가겠다! 애널리스트의 시선으로 난세를 바라보는 진수와 레아의 이야기,<책소개> 곧 망할 황건적을 집어 삼켜 자신의 세력으로 만들고 동탁의 뒤통수를 쳐서라도 살아돌아가겠다! 애널리스트의 시선으로 난세를 바라보는 진수와 레아의 이야기,https://img.ridicdn.net/cover/2057136005/large,https://img.ridicdn.net/cover/2057136005/large,Y
"헌터님, 혹시 양아치세요?",3,파피루스,구뇨뇽,,"<책소개> 헌터는 누구나 될 순 없지만, 아무나 될 순 있다.","<책소개> 헌터는 누구나 될 순 없지만, 아무나 될 순 있다.",https://img.ridicdn.net/cover/809028401/large,https://img.ridicdn.net/cover/809028401/large,Y
운명을 보는 회사원,3,문피아,영완,,<책소개> 무당이 되어 세상을 어지럽힐 팔자를 타고난 아이. 욕심을 버리고 신을 받지 않기 위해 평범한 회사원이 되려 한다. 관상과 사주로 운명을 꿰뚫어 보는 최영훈. 과연 평범한,<책소개> 무당이 되어 세상을 어지럽힐 팔자를 타고난 아이. 욕심을 버리고 신을 받지 않기 위해 평범한 회사원이 되려 한다. 관상과 사주로 운명을 꿰뚫어 보는 최영훈. 과연 평범한 회사원이 될 수 있을까?,https://img.ridicdn.net/cover/2057136010/large,https://img.ridicdn.net/cover/2057136010/large,Y
천마 객잔,3,Arete,종현,,<책소개> 천마 주강현. 회귀하여 과거의 후회를 바로잡다.,<책소개> 천마 주강현. 회귀하여 과거의 후회를 바로잡다.,https://img.ridicdn.net/cover/3586009325/large,https://img.ridicdn.net/cover/3586009325/large,Y
검왕춘추(劍王春秋),3,에픽큐브,직하인,,"<책소개> 검(劍)은 흉기라지만, 그 검을 익혀 사람의 정을 찾는 이. 그가 걷는 무도(武道)는 결코 힘으로만 지배하려는 패도(覇道)가 아니라, 진정한 사람으로 사는 궁극의 왕도(","<책소개> 검(劍)은 흉기라지만, 그 검을 익혀 사람의 정을 찾는 이. 그가 걷는 무도(武道)는 결코 힘으로만 지배하려는 패도(覇道)가 아니라, 진정한 사람으로 사는 궁극의 왕도(王道)일 터. 참다운 사랑을 찾는 이. 신의를 지키고 협의를 행하는 이. 믿기 어렵지만 그런 ...",https://img.ridicdn.net/cover/2391024787/large,https://img.ridicdn.net/cover/2391024787/large,Y
내 안에 마교있다,3,라온E&M,초(류희윤),,"<책소개> 흑풍대 출신으로 천마의 다섯 번째 제자가 된 서무욱. 사형제들의 배신으로 죽임당한 후, 정파의 삼류 후기지수 송유겸의 몸으로 눈을 뜨다. <저자 소개> 말띠. 사수좌. ","<책소개> 흑풍대 출신으로 천마의 다섯 번째 제자가 된 서무욱. 사형제들의 배신으로 죽임당한 후, 정파의 삼류 후기지수 송유겸의 몸으로 눈을 뜨다. <저자 소개> 말띠. 사수좌. 유쾌하고 감성적인 이야기를 좋아하는 텍스트 엔터테이너.",https://img.ridicdn.net/cover/2065041143/large,https://img.ridicdn.net/cover/2065041143/large,Y
전설적인 교도관입니다만,3,KW북스,re터스미,,<책소개> 각성한 애인에게 매몰차게 차인 평범한 교도관 이시현. 공교롭게도 차인 날 그도 각성하다? 하지만 이 각성 뭔가 이상하다.,<책소개> 각성한 애인에게 매몰차게 차인 평범한 교도관 이시현. 공교롭게도 차인 날 그도 각성하다? 하지만 이 각성 뭔가 이상하다.,https://img.ridicdn.net/cover/425191575/large,https://img.ridicdn.net/cover/425191575/large,Y
바람과 별무리,3,에피루스,흰콩,,<책소개> *이 작품은 편집과 수정을 거친 〈바람과별무리〉 완전판입니다. 에피루스 베스트 판타지 연재 소설! 〈본문 속으로〉 “에이미.” “네?” “내가 아주 돈이 많다면-” “…,<책소개> *이 작품은 편집과 수정을 거친 〈바람과별무리〉 완전판입니다. 에피루스 베스트 판타지 연재 소설! 〈본문 속으로〉 “에이미.” “네?” “내가 아주 돈이 많다면-” “…….” “난 별을 살 거야.” “왜요?” “이 세상에서 가장 예쁜 거니...,https://img.ridicdn.net/cover/2057135986/large,https://img.ridicdn.net/cover/2057135986/large,Y
이것이 법이다,3,로크미디어,자카예프,,<책소개> 통쾌함의 끝은 과연 어디인지. 함께 여행을 떠나볼까요? 이 세상에 넘쳐나는 나쁜 놈들을 향한 통렬한 한 판! <저자 소개> 저자 : 자카예프 저자 자카예프는 필명 : 자,<책소개> 통쾌함의 끝은 과연 어디인지. 함께 여행을 떠나볼까요? 이 세상에 넘쳐나는 나쁜 놈들을 향한 통렬한 한 판! <저자 소개> 저자 : 자카예프 저자 자카예프는 필명 : 자카예프 꿈 : 악당이 되고 싶다. 아니면 장가라도 좀 가고 싶다. 악당을...,https://img.ridicdn.net/cover/1811178145/large,https://img.ridicdn.net/cover/1811178145/large,Y
스타의 아우라가 보여!,3,JHS BOOKS,하나호,,"<책소개> 실패한 음악인이라 불리던 나. 그런 내가, 지금까지 보이던 '스타의 아우라'로 제 2의 인생을 시작한다.","<책소개> 실패한 음악인이라 불리던 나. 그런 내가, 지금까지 보이던 '스타의 아우라'로 제 2의 인생을 시작한다.",https://img.ridicdn.net/cover/1534098923/large,https://img.ridicdn.net/cover/1534098923/large,Y
회귀자의 성공 스토리,3,제이플러스,동화제군,,"<책소개> 나는 아주 천천히, 그리고 서서히 죽어가고 있어. 삶이 무료하던 어느날. 그 누구도 가지지 못했던 특별한 기회가 찾아왔다.","<책소개> 나는 아주 천천히, 그리고 서서히 죽어가고 있어. 삶이 무료하던 어느날. 그 누구도 가지지 못했던 특별한 기회가 찾아왔다.",https://img.ridicdn.net/cover/2351043703/large,https://img.ridicdn.net/cover/2351043703/large,Y
나는 나쁜놈이다[개정판],3,로크미디어,엽태호,,"<책소개> 부모에게 버림받은 아이 권도영, 뒷골목에서 비정한 세상을 배우다 “이 바닥은 말이다. 강한 놈이 왕이야.” “큭큭! 내가 꼭 씹어 먹어 줄게.” 한 치 앞도 보이지 않는","<책소개> 부모에게 버림받은 아이 권도영, 뒷골목에서 비정한 세상을 배우다 “이 바닥은 말이다. 강한 놈이 왕이야.” “큭큭! 내가 꼭 씹어 먹어 줄게.” 한 치 앞도 보이지 않는 도시라는 정글에서 무섭게 휘몰아치는 운명을 뚫고 세상을 향해 포효한다 밑바닥에서 하늘을 ...",https://img.ridicdn.net/cover/1534098926/large,https://img.ridicdn.net/cover/1534098926/large,Y
나만 다른 게임 플레이어,3,현나라,크레아,,<책소개> 나만 다른 게임 플레이어로 각성했다. 튜토리얼이 없는 각성자로. <저자 소개> 판타지 소설 작가,<책소개> 나만 다른 게임 플레이어로 각성했다. 튜토리얼이 없는 각성자로. <저자 소개> 판타지 소설 작가,https://img.ridicdn.net/cover/2057136019/large,https://img.ridicdn.net/cover/2057136019/large,Y
무인이곽,3,데일리북스,우각,,<책소개> 평범한 무인의 위대한 여정! “한번 개의 습성이 물들면 영원히 개로 살 수밖에 없다. 네 안의 늑대를 개로 만들지 마라.”,<책소개> 평범한 무인의 위대한 여정! “한번 개의 습성이 물들면 영원히 개로 살 수밖에 없다. 네 안의 늑대를 개로 만들지 마라.”,https://img.ridicdn.net/cover/1534098919/large,https://img.ridicdn.net/cover/1534098919/large,Y
무력99 지력99 축구스타,3,문피아,아몬드빵,,<책소개> 육체와 지능이 동시에 개쩌는 축구선수가 있다?,<책소개> 육체와 지능이 동시에 개쩌는 축구선수가 있다?,https://img.ridicdn.net/cover/425191632/large,https://img.ridicdn.net/cover/425191632/large,Y
조선 슈퍼파워가 되어라!,3,문피아,크로추장,,<책소개> 라이프 미션 : 조선을 슈퍼파워로 만들어라. 환생 시기 : 서기 1849년 미션은 반드시 성공한다!,<책소개> 라이프 미션 : 조선을 슈퍼파워로 만들어라. 환생 시기 : 서기 1849년 미션은 반드시 성공한다!,https://img.ridicdn.net/cover/2057136023/large,https://img.ridicdn.net/cover/2057136023/large,Y
재벌전쟁,3,뿔미디어,머리아픈이,,<책소개> 누구나 한 번쯤 돌아보게 만드는 외모와 재벌가의 일원인 차현우. 그런 그가 아버지의 복수를 하기 위해 돌아왔다! 내 회사를 빼앗으려는 놈들. 내 회사를 갉아먹는 놈들. ,<책소개> 누구나 한 번쯤 돌아보게 만드는 외모와 재벌가의 일원인 차현우. 그런 그가 아버지의 복수를 하기 위해 돌아왔다! 내 회사를 빼앗으려는 놈들. 내 회사를 갉아먹는 놈들. 모두 숨죽여 고개를 숙여라. 재벌 간의 숨 막히는 수 싸움. 번뜩이는 아이디어...,https://img.ridicdn.net/cover/2065040148/large,https://img.ridicdn.net/cover/2065040148/large,Y
회귀한 천재의 미식축구,3,로크미디어,홍순빈,,<책소개> 미식축구(American Football). 인간의 탈을 쓴 전차들이 충돌하는 격전의 필드. 부상으로 실패를 경험했던 한 동양인이 NFL에 재도전한다. [NCAA] → ,<책소개> 미식축구(American Football). 인간의 탈을 쓴 전차들이 충돌하는 격전의 필드. 부상으로 실패를 경험했던 한 동양인이 NFL에 재도전한다. [NCAA] → [NFL],https://img.ridicdn.net/cover/425191660/large,https://img.ridicdn.net/cover/425191660/large,Y
갓랭크 스킬,3,블랙북,구름커피,,"<책소개> 스킬 카피, 중력장, 경험치 버프… 마음대로, 뭐든지 할 수 있다. 신의 스킬을 가진 갓랭크 헌터.","<책소개> 스킬 카피, 중력장, 경험치 버프… 마음대로, 뭐든지 할 수 있다. 신의 스킬을 가진 갓랭크 헌터.",https://img.ridicdn.net/cover/1534098915/large,https://img.ridicdn.net/cover/1534098915/large,Y
마법학교 천재가 되었다,3,로크미디어,이소파,,"<책소개> 길드 소속 중견 마법사로 살다가 12년 전, 마법학교 입학 전날로 돌아갔다. 몸에 있던 마나가 몽땅 사라져버린채로!!","<책소개> 길드 소속 중견 마법사로 살다가 12년 전, 마법학교 입학 전날로 돌아갔다. 몸에 있던 마나가 몽땅 사라져버린채로!!",https://img.ridicdn.net/cover/777082145/large,https://img.ridicdn.net/cover/777082145/large,Y
퇴물인 줄 알았더니 월드배우였습니다,3,KW북스,이창연,,<책소개> -선행을 하면 다음 생에 복을 받을 거예요. 그런데 웬걸. 눈을 떴더니 쫓겨나기 직전의 퇴물 아이돌이 돼버렸다. 이게 복이라고?,<책소개> -선행을 하면 다음 생에 복을 받을 거예요. 그런데 웬걸. 눈을 떴더니 쫓겨나기 직전의 퇴물 아이돌이 돼버렸다. 이게 복이라고?,https://img.ridicdn.net/cover/3076010909/large,https://img.ridicdn.net/cover/3076010909/large,Y
신입 매니저부터 시작합니다,3,휘슬북,캐시미어,,"<책소개> 어느 날 눈을 뜨니 잘생긴 금수저로 환생을 했다. 그것도 11년 전 과거인 2009년으로. 기뻐하기도 잠시, 곧바로 아버지가 회장으로 있는 MG엔터테인먼트에 끌려가 신입","<책소개> 어느 날 눈을 뜨니 잘생긴 금수저로 환생을 했다. 그것도 11년 전 과거인 2009년으로. 기뻐하기도 잠시, 곧바로 아버지가 회장으로 있는 MG엔터테인먼트에 끌려가 신입 매니저로 일하게 된다. 그런데 내가 맡게 된 걸그룹 데뷔조가 데뷔하자마자 망하고, 그 여파로 ...",https://img.ridicdn.net/cover/3228020409/large,https://img.ridicdn.net/cover/3228020409/large,Y
승승장구 연예계 생활,3,문피아,다작김절필,,<책소개> 경험치 만렙 초짜배기 매니저의 성공기,<책소개> 경험치 만렙 초짜배기 매니저의 성공기,https://img.ridicdn.net/cover/3403002070/large,https://img.ridicdn.net/cover/3403002070/large,Y
역대급 트롤러의 게임 먹방,3,제이플러스,작가G,,"<책소개> ""...여기서 지금 뭐하십니까?"" ""고기 굽는데요."" 그것은 탄환이 빗발치고 폭음이 난무하는 전장에서 오간 짧은 대화였다.","<책소개> ""...여기서 지금 뭐하십니까?"" ""고기 굽는데요."" 그것은 탄환이 빗발치고 폭음이 난무하는 전장에서 오간 짧은 대화였다.",https://img.ridicdn.net/cover/425191658/large,https://img.ridicdn.net/cover/425191658/large,Y
회귀해서 다해먹음,3,문피아,우성,,<책소개> 회귀해서 다 해먹는다,<책소개> 회귀해서 다 해먹는다,https://img.ridicdn.net/cover/2391024777/large,https://img.ridicdn.net/cover/2391024777/large,Y
무림오적,3,파피루스,백야,,"<책소개> 백야 신무협 장편소설 『무림오적』 천애고아로 저잣거리에서 자란 소년, 소독아 스스로를 위해 치밀해져야만 했고 살아남고자 독종이 될 수밖에 없었다. 죽어 가던 순간에 마주","<책소개> 백야 신무협 장편소설 『무림오적』 천애고아로 저잣거리에서 자란 소년, 소독아 스스로를 위해 치밀해져야만 했고 살아남고자 독종이 될 수밖에 없었다. 죽어 가던 순간에 마주친 공적십이마의 일인, 야래향과의 인연은 나아가 무림과의 연으로 황계와 태극천맹 간의 갈등으로 ...",https://img.ridicdn.net/cover/3049012265/large,https://img.ridicdn.net/cover/3049012265/large,Y
재벌가 대물사위,3,문피아,호만,,"<책소개> 적국에서 다시 살게 됐으니 복수만 하면 될 줄 알았지. 이놈이고 저놈이고 다 살려놓게 될 줄은 몰랐지, 내가. 　 “…… 환장하겠네.”","<책소개> 적국에서 다시 살게 됐으니 복수만 하면 될 줄 알았지. 이놈이고 저놈이고 다 살려놓게 될 줄은 몰랐지, 내가. 　 “…… 환장하겠네.”",https://img.ridicdn.net/cover/2057136011/large,https://img.ridicdn.net/cover/2057136011/large,Y
이소파한,3,Arete,동방존자,,"<책소개> 북리세가주 북리청은 강남의 패권 장악을 목전에 두고 낭인곽에 불의의 일격을 당하며, 강남십삼련의 주도권을 백리세가에 빼앗기고 만다. 반전의 한 수를 도모하던 그는 세가의","<책소개> 북리세가주 북리청은 강남의 패권 장악을 목전에 두고 낭인곽에 불의의 일격을 당하며, 강남십삼련의 주도권을 백리세가에 빼앗기고 만다. 반전의 한 수를 도모하던 그는 세가의 후기들로 하여금 연공이 불가능하다던 구환신공을 익히게끔 하기 위해 잔인한 극락도 구상을 실행에...",https://img.ridicdn.net/cover/2093062689/large,https://img.ridicdn.net/cover/2093062689/large,Y
나는 군주다,3,제이플러스미디어,철종금,,<책소개> 20년 전 천하를 호령하는 대장군이 되겠다며 산골 마을을 뛰쳐나온 로안. 하지만 20년이 흐른 후 그의 손에 쥐여진 건 돈 몇 푼과 제1군단 소속 창병이라는 말단 직 뿐,<책소개> 20년 전 천하를 호령하는 대장군이 되겠다며 산골 마을을 뛰쳐나온 로안. 하지만 20년이 흐른 후 그의 손에 쥐여진 건 돈 몇 푼과 제1군단 소속 창병이라는 말단 직 뿐. 결국 전쟁터의 싸늘한 시체가 되고 마는데. 어쩐 일인지 과거로 되돌아왔다.,https://img.ridicdn.net/cover/2057136015/large,https://img.ridicdn.net/cover/2057136015/large,Y
전능의 팔찌,3,도서출판 청어람,김현석,,"<책소개> 삼류대학 수학과 출신, 김현수 낙하산을 타고 국내 굴지의 대기업 천지건설(주)에 입사하다! 상사의 등살에 못 견뎌 떠난 산행에서, 대마법사 멀린과의 인연이 이어지고...","<책소개> 삼류대학 수학과 출신, 김현수 낙하산을 타고 국내 굴지의 대기업 천지건설(주)에 입사하다! 상사의 등살에 못 견뎌 떠난 산행에서, 대마법사 멀린과의 인연이 이어지고....... 어떻게 잡은 직장인데 그만둘 수 있으랴!! 전능의 팔찌가 현수를 승승...",https://img.ridicdn.net/cover/2057136005/large,https://img.ridicdn.net/cover/2057136005/large,Y
세이안,3,㈜마야마루출판사,사이딘,,"<책소개> 죽은 자의 영혼을 인도하는 사신, 카이. 만 번째 그 임무를 끝낸 후 한 가지 소원을 들어주겠다는 죽음의 신, 샤이노스의 말에 소멸을 선택한다. 하지만 소멸 대신 사고로","<책소개> 죽은 자의 영혼을 인도하는 사신, 카이. 만 번째 그 임무를 끝낸 후 한 가지 소원을 들어주겠다는 죽음의 신, 샤이노스의 말에 소멸을 선택한다. 하지만 소멸 대신 사고로 죽은 한 인간의 몸에 들어가게 된 카이! 한심함과 모자람을 골고루 갖춘 채, 배배 꼬인...",https://img.ridicdn.net/cover/809028401/large,https://img.ridicdn.net/cover/809028401/large,Y
나 혼자만 레벨업,3,파피루스,추공,,"<책소개> 「패왕을 보았다」의 작가 추공. 이번에는 레이드의 진수를 보여준다! 『나 혼자만 레벨업』 재능 없는 만년 E급의 헌터, 성진우. 기이한 던전에서 죽음을 목전에 두지만 위","<책소개> 「패왕을 보았다」의 작가 추공. 이번에는 레이드의 진수를 보여준다! 『나 혼자만 레벨업』 재능 없는 만년 E급의 헌터, 성진우. 기이한 던전에서 죽음을 목전에 두지만 위기는 언제나 기회와 함께 찾아오는 법! [플레이어가 되실 자격을 획득하셨습...",https://img.ridicdn.net/cover/2057136010/large,https://img.ridicdn.net/cover/2057136010/large,Y
회귀하니 재능 99%,3,라온E&M,네모리노,,<책소개> C등급 헌터로서 한 팀의 팀장역할을 맡아 살아가던 강민호. 어느날 갑자기 만나게 된 악마 형상을 한 괴물에게 잡아 먹히고 만다. 눈을 떠 보니 다시금 과거로 돌아오게 된,<책소개> C등급 헌터로서 한 팀의 팀장역할을 맡아 살아가던 강민호. 어느날 갑자기 만나게 된 악마 형상을 한 괴물에게 잡아 먹히고 만다. 눈을 떠 보니 다시금 과거로 돌아오게 된 그. 알고보니 완전 같은 세계는 아니고 일종의 평행 세계였다. 그리고 그는 새로운 레전드 등급...,https://img.ridicdn.net/cover/3586009325/large,https://img.ridicdn.net/cover/3586009325/large,Y
스팀펑크의 마법사,3,문피아,데코몽쉘,,<책소개> 죽어도 다시 시작할 수 있지만 세계의 시간은 여전히 흐른다.,<책소개> 죽어도 다시 시작할 수 있지만 세계의 시간은 여전히 흐른다.,https://img.ridicdn.net/cover/2391024787/large,https://img.ridicdn.net/cover/2391024787/large,Y
천부천하,3,도서출판 청어람,비검,,"<책소개> 강호와 천하를 삼킨 천부. 천부천하를 뒤흔든 게을러빠진 천재가 나타났다. 어떤 무공이든 한눈에 익힐 수 있는 공전절후한 무위, 좌수 마두, 우수 대협으로 펼치는 독창적인","<책소개> 강호와 천하를 삼킨 천부. 천부천하를 뒤흔든 게을러빠진 천재가 나타났다. 어떤 무공이든 한눈에 익힐 수 있는 공전절후한 무위, 좌수 마두, 우수 대협으로 펼치는 독창적인 무쌍류. 빼어난 요리 실력과 정도를 아는 횡령까지!",https://img.ridicdn.net/cover/2065041143/large,https://img.ridicdn.net/cover/2065041143/large,Y
재벌친구의 재테크,3,라온E&M,기신,,"<책소개> 나는 예지몽을 꾸는 남자다. 그리고 방금 나는 내 친구 놈이 ‘재벌’이 될 거라는 예지몽을 꿨다. 나라도, 집안도, 유전자도 선택할 수 없는 세상이지만.. 친구는 선택할","<책소개> 나는 예지몽을 꾸는 남자다. 그리고 방금 나는 내 친구 놈이 ‘재벌’이 될 거라는 예지몽을 꿨다. 나라도, 집안도, 유전자도 선택할 수 없는 세상이지만.. 친구는 선택할 수 있지. 그것도 재벌이 될 친구를! <저자 소개> 기신(記信). 이...",https://img.ridicdn.net/cover/425191575/large,https://img.ridicdn.net/cover/425191575/large,Y
멋지지 아니한가,3,비앤비북스,서태훈,,<책소개> 이 세상의 나쁜 놈들아. 내 성공의 발판이 되어라! 지방 국립대를 졸업한 뒤 9급 지방직 시험을 준비하던 흙수저 최태식. 평범한 그는 우연히 이상한 힘을 얻게 되고 파란,<책소개> 이 세상의 나쁜 놈들아. 내 성공의 발판이 되어라! 지방 국립대를 졸업한 뒤 9급 지방직 시험을 준비하던 흙수저 최태식. 평범한 그는 우연히 이상한 힘을 얻게 되고 파란만장한 특별사법기관 특수요원으로서의 삶을 살게 된다! <저자 소개> 저자: ...,https://img.ridicdn.net/cover/2057135986/large,https://img.ridicdn.net/cover/2057135986/large,Y
짐꾼이지만 먼치킨,3,문피아,담백하,,<책소개> [업적 달성 보상으로 병합 스킬을 획득했습니다.] [동일 물품 3개를 병합하여 상위 등급의 물품을 생성할 수 있습니다.] [녹슨 단검(F급) 3개를 병합하여 단검(E급),<책소개> [업적 달성 보상으로 병합 스킬을 획득했습니다.] [동일 물품 3개를 병합하여 상위 등급의 물품을 생성할 수 있습니다.] [녹슨 단검(F급) 3개를 병합하여 단검(E급)을 생성했습니다.] [마정석(C급) 3개를 병합하여 마정석(B급)을 생성했습니다.],https://img.ridicdn.net/cover/1811178145/large,https://img.ridicdn.net/cover/1811178145/large,Y
축복받은 스트라이커,3,NEW EPISODE,라이즈리얼,,<책소개> 축구계에도 발할라와 비슷한 곳이 있다. 현세에서 축구로 쌓은 업적에 따라 위상이 결정되는 곳. 그곳에서 평범한 청소부였던 주인공. 하지만 그에게 환생 기회가 찾아 왔다!,<책소개> 축구계에도 발할라와 비슷한 곳이 있다. 현세에서 축구로 쌓은 업적에 따라 위상이 결정되는 곳. 그곳에서 평범한 청소부였던 주인공. 하지만 그에게 환생 기회가 찾아 왔다! <저자 소개> 어느덧 네 번째 작품으로 찾아뵙게 되었네요. 스포츠를 좋아하는 ...,https://img.ridicdn.net/cover/1534098923/large,https://img.ridicdn.net/cover/1534098923/large,Y
골 넣는 감독님,3,동아,일필(一筆),,"<책소개> 현대과학으로는 진단과 치료가 불가능한 불치의 병을 안고 태어난 강찬. 제 발로 디디고 서는 것, 보통 사람들처럼 마음껏 달리는 것만으로도 부상으로 은퇴한 축구 유망주 강","<책소개> 현대과학으로는 진단과 치료가 불가능한 불치의 병을 안고 태어난 강찬. 제 발로 디디고 서는 것, 보통 사람들처럼 마음껏 달리는 것만으로도 부상으로 은퇴한 축구 유망주 강찬. 그라운드에 서기 위한 또 다른 길을 걷다! 축구 지도자가 되기 위한 유학 중의 인연...",https://img.ridicdn.net/cover/2351043703/large,https://img.ridicdn.net/cover/2351043703/large,Y
아포칼립스 속 절대 감각,3,Arete,RAS,,"<책소개> 하나뿐인 가족, 동생과 서로를 의지하며 살아가던 특전사 중사 강소민. 평화로운 휴가를 만끽하던 중, 괴상한 메시지를 마주하게 되는데……. [지금부터 여러분의 존재 가치를","<책소개> 하나뿐인 가족, 동생과 서로를 의지하며 살아가던 특전사 중사 강소민. 평화로운 휴가를 만끽하던 중, 괴상한 메시지를 마주하게 되는데……. [지금부터 여러분의 존재 가치를 시험하겠습니다. 증명하십시오.] 이건 뭐지? 절대 감각을 이용해 종말을 헤쳐 나가는, ...",https://img.ridicdn.net/cover/1534098926/large,https://img.ridicdn.net/cover/1534098926/large,Y
선풍수열탄 : 신선들의 전쟁,3,스토리야,섭풍,,<책소개> -환허에 도달한다면 세상은 너의 발밑에 놓이게 될 것이다! 진선(眞仙)을 향한 수도사들의 현란한 싸움. 그리고 기인이사들의 표홀함. 상식을 초월하는 요수들과 수많은 기물,<책소개> -환허에 도달한다면 세상은 너의 발밑에 놓이게 될 것이다! 진선(眞仙)을 향한 수도사들의 현란한 싸움. 그리고 기인이사들의 표홀함. 상식을 초월하는 요수들과 수많은 기물이보. 작가의 전작 [영웅협행]과 이어지는 방대한 세계관. 무엇을 상상하든 상상의 끝을 넘어서...,https://img.ridicdn.net/cover/2057136019/large,https://img.ridicdn.net/cover/2057136019/large,Y
대윤회전생,3,㈜인타임,강승환,,"<책소개> 무한영생교의 비리를 찌르며 치명타를 가한 후 사이비 교주의 저주를 받아, 난 영면에 들 수 없었다. 쓰레기 더미를 뒤지며 살아야 했던 삶부터 평생을 써도 다 못 쓸 재산","<책소개> 무한영생교의 비리를 찌르며 치명타를 가한 후 사이비 교주의 저주를 받아, 난 영면에 들 수 없었다. 쓰레기 더미를 뒤지며 살아야 했던 삶부터 평생을 써도 다 못 쓸 재산을 가지고 있던 거부의 삶까지. 기억을 가진 채 윤회를 계속하고 그중 겪은 기이하고 두려운 ...",https://img.ridicdn.net/cover/1534098919/large,https://img.ridicdn.net/cover/1534098919/large,Y
나 혼자 올 마스터,3,문피아,청송,,"<책소개> 재능'이 모든 걸 좌우하는 세상. 10년 동안 무재능으로 이룰 수 없는 꿈을 꾸어온 사내에게 보상이 주어졌다. [재능 : 올 마스터를 획득하셨습니다.] 무재능, 모든 재","<책소개> 재능'이 모든 걸 좌우하는 세상. 10년 동안 무재능으로 이룰 수 없는 꿈을 꾸어온 사내에게 보상이 주어졌다. [재능 : 올 마스터를 획득하셨습니다.] 무재능, 모든 재능을 손에 쥐다.",https://img.ridicdn.net/cover/425191632/large,https://img.ridicdn.net/cover/425191632/large,Y
환생자가 강해지는 법,3,에이시스미디어,금니,,"<책소개> 노력했지만 출판사 말아먹은 대표 김동수. 환생해보니 묘한 능력을 얻었다? [저희는 고객님의 땀과 노력을 수치화하여 물건을 거래합니다.] [현재 고객님께선, 지난 삶의 노","<책소개> 노력했지만 출판사 말아먹은 대표 김동수. 환생해보니 묘한 능력을 얻었다? [저희는 고객님의 땀과 노력을 수치화하여 물건을 거래합니다.] [현재 고객님께선, 지난 삶의 노력까지 전부 수치화되어 있습니다.] [고객님의 노력 포인트는 무려 9,999,...",https://img.ridicdn.net/cover/2057136023/large,https://img.ridicdn.net/cover/2057136023/large,Y
다시 태어난 베토벤,3,KW북스,우진,,<책소개> 1827년 빈. 한 남자의 죽음으로 고전 시대의 막이 내렸다. 그러나 동시에. 그가 지핀 낭만의 불씨가 찬란히 타오르니 비로소 다양한 음악이 펼쳐지기 시작했다. 그리고 ,<책소개> 1827년 빈. 한 남자의 죽음으로 고전 시대의 막이 내렸다. 그러나 동시에. 그가 지핀 낭만의 불씨가 찬란히 타오르니 비로소 다양한 음악이 펼쳐지기 시작했다. 그리고 180년 뒤 서울. 불멸의 천재라 불리는 악성이 다시 태어났다. <다시 태어난 베토벤&g...,https://img.ridicdn.net/cover/2065040148/large,https://img.ridicdn.net/cover/2065040148/large,Y
최강 귀환자의 여유로운 회귀 라이프,3,문피아,몽몽객,,"<책소개> 지구로 돌아갈 그 순간만을 그리며 20년을 버텼다. 정의, 명분, 도리... 그것들을 지키면서 싸우는 게 좋다는 걸 모르지 않았다. 모르지 않았는데... 그게 별로 도움","<책소개> 지구로 돌아갈 그 순간만을 그리며 20년을 버텼다. 정의, 명분, 도리... 그것들을 지키면서 싸우는 게 좋다는 걸 모르지 않았다. 모르지 않았는데... 그게 별로 도움이 안 되더라. 그러다 보니, 그는 히어로는 아니면서 막장 빌런도 아닌 애매한 존재가 됐다....",https://img.ridicdn.net/cover/425191660/large,https://img.ridicdn.net/cover/425191660/large,Y
원작 남주를 차지해버렸다,5,필연매니지먼트,한초름,,<책소개> “약혼 상대가 디온 칼데오르라고요?” 15살 연회를 앞두고 에리타는 환생한 이곳이 책 속임을 알게 된다. 동시에 자신이 원작 남주 디온과 약혼하는 원작 속 악녀라는 사실,<책소개> “약혼 상대가 디온 칼데오르라고요?” 15살 연회를 앞두고 에리타는 환생한 이곳이 책 속임을 알게 된다. 동시에 자신이 원작 남주 디온과 약혼하는 원작 속 악녀라는 사실도 깨닫는다. 이에 그녀는 원작 남주와 얽히는 것을 거부하려고 하지만.... “영...,https://img.ridicdn.net/cover/2093062689/large,https://img.ridicdn.net/cover/2093062689/large,Y
"참아주세요, 대공",5,윤송스피넬,진소예,,"<책소개> 키에런 소후작의 모조품. 베일 후작 부인의 실패작. 루버의 부랑아. 그 모든 것이 그녀. 아니, 그를 칭하는 말이었다. 적어도 클로드 델 이하르를 만나기 전까지는. 클로","<책소개> 키에런 소후작의 모조품. 베일 후작 부인의 실패작. 루버의 부랑아. 그 모든 것이 그녀. 아니, 그를 칭하는 말이었다. 적어도 클로드 델 이하르를 만나기 전까지는. 클로드는 잠든 카닐리언을 고요하게 응시했다. 머리카락과 같은 금색 속눈썹이 하얀...",https://img.ridicdn.net/cover/2057136015/large,https://img.ridicdn.net/cover/2057136015/large,Y
테라리움 어드벤처,5,로즈엔,수하수하,,"<책소개> 유저 다 떠나고 고인물만 남은 방치형 다이아 생산 게임 <무한 다이아>. 마지막 업적인 ‘소지 다이아 999,999,999…개 달성하기’를 완료하자마자 이상한 세계로 끌","<책소개> 유저 다 떠나고 고인물만 남은 방치형 다이아 생산 게임 <무한 다이아>. 마지막 업적인 ‘소지 다이아 999,999,999…개 달성하기’를 완료하자마자 이상한 세계로 끌려갔다. 아직 오픈도 안 한 <테라리움 어드벤처> 안에, 내...",https://img.ridicdn.net/cover/2057136005/large,https://img.ridicdn.net/cover/2057136005/large,Y
이 결혼은 어차피 망하게 되어 있다,5,서커스,김차차,,<책소개> #판타지물 #빙의물 #성장물 #기사여주 #엉뚱여주 #능력여주 #외강내강 #황자남주 #까칠남주 #상처남주 #냉정남주 [깊은 숲에 들어가면 그림자에게 잡아먹힌다. 숲의 그림,<책소개> #판타지물 #빙의물 #성장물 #기사여주 #엉뚱여주 #능력여주 #외강내강 #황자남주 #까칠남주 #상처남주 #냉정남주 [깊은 숲에 들어가면 그림자에게 잡아먹힌다. 숲의 그림자는 사람이 보지 않을 때 움직인다. 깊은 숲에는 사람을 흉내내는 그림자가 있...,https://img.ridicdn.net/cover/809028401/large,https://img.ridicdn.net/cover/809028401/large,Y
짖는 것이 짐승의 일,5,로즈엔,이리,,<책소개> 한때는 명문 귀족가의 딸이었으나 이제는 지인 집에 얹혀살며 하녀처럼 살아가는 에바 메이시스. 삶의 밑바닥을 지나고 있을 때 그를 처음 만났다. 아름답고 강하며 눈부신 남,"<책소개> 한때는 명문 귀족가의 딸이었으나 이제는 지인 집에 얹혀살며 하녀처럼 살아가는 에바 메이시스. 삶의 밑바닥을 지나고 있을 때 그를 처음 만났다. 아름답고 강하며 눈부신 남자, 그녀의 전 약혼자였던 황태자 에드워드를. “왜 울어요, 응?” 에드워드가 에...",https://img.ridicdn.net/cover/2057136010/large,https://img.ridicdn.net/cover/2057136010/large,Y
로맨틱 플로우(Romantic Flow),5,로즈엔,서단,,"<책소개> “혹시 가볍게 같이 자자, 뭐… 그거니?” 이연의 물음에 현오는 잠시 말이 없었다. 동요 없는 그의 눈빛은 침착했지만 동시에 화난 듯 어둡게 일렁였다. “네 허용 범위에","<책소개> “혹시 가볍게 같이 자자, 뭐… 그거니?” 이연의 물음에 현오는 잠시 말이 없었다. 동요 없는 그의 눈빛은 침착했지만 동시에 화난 듯 어둡게 일렁였다. “네 허용 범위에 그딴 것밖에 없다면……. 뭐, 그래. 그것도 괜찮겠네.” 이연의 눈가가 ...",https://img.ridicdn.net/cover/3586009325/large,https://img.ridicdn.net/cover/3586009325/large,Y
그림자 없는 밤,5,동아,김미유,,<책소개> [에이번데일 백작의 저택] “누구세요.......?” “그건 내가 할 말인 것 같은데.” 히든 에피소드를 열고 들어간 폐가에서 만난 금발의 미남자. 알고보니 그는 이미 ,<책소개> [에이번데일 백작의 저택] “누구세요.......?” “그건 내가 할 말인 것 같은데.” 히든 에피소드를 열고 들어간 폐가에서 만난 금발의 미남자. 알고보니 그는 이미 죽었어야 할 천재 마도공학자였다. 가상현실게임 ‘황금 발톱’의 배경으로부터 ...,https://img.ridicdn.net/cover/2391024787/large,https://img.ridicdn.net/cover/2391024787/large,Y
경배의 꽃,5,로즈엔,에이비,,"<책소개> 여주인공 대신 죽을 수양딸에 빙의했다. 그것도 구미호라는 누명을 쓰고 비참하게 죽어야 하는. 게임에서 탈출하기 위해 조금이라도 빨리, 덜 아프게 죽을 생각이었다. 그래서","<책소개> 여주인공 대신 죽을 수양딸에 빙의했다. 그것도 구미호라는 누명을 쓰고 비참하게 죽어야 하는. 게임에서 탈출하기 위해 조금이라도 빨리, 덜 아프게 죽을 생각이었다. 그래서 거슬리지 않게 조용히 지냈는데…. “전쟁고아 주제에 제대로 된 혼처라도 찾을 수...",https://img.ridicdn.net/cover/2065041143/large,https://img.ridicdn.net/cover/2065041143/large,Y
더 예쁘게 울어 보세요,5,에이블,라치크,,"<책소개> ""저는 이 관계에 조금도 불만이 없습니다."" 약혼식을 코 앞에 둔 언니가 사라졌다. 미룰 수 없는 약속, 남겨진 약혼자, 그리고 나. 내가 언니를 대신 해야 한다고?! ","<책소개> ""저는 이 관계에 조금도 불만이 없습니다."" 약혼식을 코 앞에 둔 언니가 사라졌다. 미룰 수 없는 약속, 남겨진 약혼자, 그리고 나. 내가 언니를 대신 해야 한다고?! 연애 경력 0, 연애 스킬 0, 그리고 이제부터는 자매운도 0인데 당장 약혼부터 하...",https://img.ridicdn.net/cover/425191575/large,https://img.ridicdn.net/cover/425191575/large,Y
잠 못 드는 시녀의 밤,5,필연매니지먼트,홍세라,,"<책소개> 첫인상은 강렬했다. 안 좋은 쪽으로. 이블린 레힐, 왕위 계승 서열 3위에 뼛속까지 대귀족인 8서클 마법사. 카이렌 나이트, 과학을 신봉하는 베린느에서 가장 부유한 나이","<책소개> 첫인상은 강렬했다. 안 좋은 쪽으로. 이블린 레힐, 왕위 계승 서열 3위에 뼛속까지 대귀족인 8서클 마법사. 카이렌 나이트, 과학을 신봉하는 베린느에서 가장 부유한 나이트 상단의 후계자. “고작 단어 하나 지껄이는 걸로 주변을 모두 불바다로 만들 수 있...",https://img.ridicdn.net/cover/2057135986/large,https://img.ridicdn.net/cover/2057135986/large,Y
세비지 포레스트 (Savage Forest),5,라떼북,박죠죠,,"<책소개> 향락의 도시에서 태어난 성스러운 천사의 현신, 카니나의 페기. 음악을 벗 삼아 조용히 살아가던 그녀가 어느 날 처참하게 죽는다. 그로부터 3년. 초라한 무덤가에서 되살아","<책소개> 향락의 도시에서 태어난 성스러운 천사의 현신, 카니나의 페기. 음악을 벗 삼아 조용히 살아가던 그녀가 어느 날 처참하게 죽는다. 그로부터 3년. 초라한 무덤가에서 되살아난 페기는 완전히 뒤바뀐 고국을 마주하게 되는데…. 일러스트: 우문 <저...",https://img.ridicdn.net/cover/1811178145/large,https://img.ridicdn.net/cover/1811178145/large,Y
그럴 듯한 거짓말,5,마롱,이른꽃,,<책소개> 작은 꽃가게를 운영하는 리엘라는 갑작스럽게 최강의 보석술사인 호슨 공작의 재산을 모두 상속받는다. 바로 그녀의 특별한 ‘능력’ 때문에. 하지만 어마어마한 유산을 받기로 ,<책소개> 작은 꽃가게를 운영하는 리엘라는 갑작스럽게 최강의 보석술사인 호슨 공작의 재산을 모두 상속받는다. 바로 그녀의 특별한 ‘능력’ 때문에. 하지만 어마어마한 유산을 받기로 한 원래 상속자는 따로 있었다. 생각하지도 못했던 상속에 당황한 리엘라의 앞에 왕의 동...,https://img.ridicdn.net/cover/1534098923/large,https://img.ridicdn.net/cover/1534098923/large,Y
헌터와 매드 사이언티스트,5,라렌느,델마르,,"<책소개> 네 번째 결혼기념일 밤, 남편의 침실에서 신음 소리가 들려왔다. “내가 그 여자보다 낫다고 말해줘, 어서.” 내 쌍둥이 여동생의 목소리였다.","<책소개> 네 번째 결혼기념일 밤, 남편의 침실에서 신음 소리가 들려왔다. “내가 그 여자보다 낫다고 말해줘, 어서.” 내 쌍둥이 여동생의 목소리였다.",https://img.ridicdn.net/cover/2351043703/large,https://img.ridicdn.net/cover/2351043703/large,Y
사극 역하렘 게임의 악역에 빙의했다,5,로즈엔,박록주,,<책소개> “약혼 상대가 디온 칼데오르라고요?” 15살 연회를 앞두고 에리타는 환생한 이곳이 책 속임을 알게 된다. 동시에 자신이 원작 남주 디온과 약혼하는 원작 속 악녀라는 사실,<책소개> “약혼 상대가 디온 칼데오르라고요?” 15살 연회를 앞두고 에리타는 환생한 이곳이 책 속임을 알게 된다. 동시에 자신이 원작 남주 디온과 약혼하는 원작 속 악녀라는 사실도 깨닫는다. 이에 그녀는 원작 남주와 얽히는 것을 거부하려고 하지만.... “영...,https://img.ridicdn.net/cover/1534098926/large,https://img.ridicdn.net/cover/1534098926/large,Y
"속, 보입니다!",5,폴라리스,민여로,,"<책소개> #후회남주 #(사랑한 것을)후회여주 #나쁜남주 #병약여주 #존댓말남주 #반말여주 #입덕부정남주 #무심여주 #애증관계 #관계역전 네가 후회를 시작했을 때, 나는 너를 사랑","<책소개> #후회남주 #(사랑한 것을)후회여주 #나쁜남주 #병약여주 #존댓말남주 #반말여주 #입덕부정남주 #무심여주 #애증관계 #관계역전 네가 후회를 시작했을 때, 나는 너를 사랑한 모든 순간을 후회했다. * * ...",https://img.ridicdn.net/cover/2057136019/large,https://img.ridicdn.net/cover/2057136019/large,Y
이블린의 반지,5,페퍼민트,김지유,,"<책소개> “저 아이를 데려가고 싶습니다.” 낮에 뜬 달처럼 창백하면서도 까마귀처럼 칠흑 같은 청년이 선연한 목소리로 말했다. 그렇게 나는 그와 만났다. 세상의 끝, 바람의 무덤 ","<책소개> “저 아이를 데려가고 싶습니다.” 낮에 뜬 달처럼 창백하면서도 까마귀처럼 칠흑 같은 청년이 선연한 목소리로 말했다. 그렇게 나는 그와 만났다. 세상의 끝, 바람의 무덤 앞에서. “이름이 어떻게 되니?” “아샤예요. 아샤 코냐크.” 그는 전능한 마법사였고, ...",https://img.ridicdn.net/cover/1534098919/large,https://img.ridicdn.net/cover/1534098919/large,Y
로잔의 가시덤불,5,로즈엔,김다현,,<책소개> 돌이켜 보는 모든 날이 후회였다. * 천사의 이름을 가진 '바네사 로호크' 그 눈부신 아름다움 또한 천사와도 같았다. 그런 그녀가 하루아침에 반역죄로 몰락했을 때 그 앞,"<책소개> 돌이켜 보는 모든 날이 후회였다. * 천사의 이름을 가진 '바네사 로호크' 그 눈부신 아름다움 또한 천사와도 같았다. 그런 그녀가 하루아침에 반역죄로 몰락했을 때 그 앞에 나타난 건 기대조차 하지 않았던 빈카르트 대공이었다. ""바네사 로호...",https://img.ridicdn.net/cover/425191632/large,https://img.ridicdn.net/cover/425191632/large,Y
두 명의 상속인,5,로즈엔,수피아,,"<책소개> 7살의 나이에 상단으로 팔려 간 티티라. 그녀는 그곳에서 소년 안스를 만나고, 두 사람은 서로가 서로의 유일한 친구가 되어 어린 시절을 함께 보낸다. “티, 솔직히, 옛","<책소개> 7살의 나이에 상단으로 팔려 간 티티라. 그녀는 그곳에서 소년 안스를 만나고, 두 사람은 서로가 서로의 유일한 친구가 되어 어린 시절을 함께 보낸다. “티, 솔직히, 옛날에…… 네가 오던 날, 하루 전부터 준비했어. 난 네가 너무 반가웠어.” 하지만...",https://img.ridicdn.net/cover/2057136023/large,https://img.ridicdn.net/cover/2057136023/large,Y
세 명이서 결혼 생활 중입니다,5,오렌지디,무소,,<책소개> 보수적인 순혈 정령사들에게 배척을 당하며 살아왔지만 결국 용사의 인도자로 당당하게 뽑힌 예리엘. 그녀는 인도자의 자격으로 머나먼 여정을 떠나 마왕과 대적할 용사를 찾게 ,"<책소개> 보수적인 순혈 정령사들에게 배척을 당하며 살아왔지만 결국 용사의 인도자로 당당하게 뽑힌 예리엘. 그녀는 인도자의 자격으로 머나먼 여정을 떠나 마왕과 대적할 용사를 찾게 되었지만, 시작부터 뭔가… 이상하다? “당신은, 영웅으로 선택받은 자입니다.” ...",https://img.ridicdn.net/cover/2065040148/large,https://img.ridicdn.net/cover/2065040148/large,Y
원작 남주를 차지해버렸다,5,필연매니지먼트,한초름,,"<책소개> 윈리가 나를 돌아보지 않을 걸 알지만, 그림자로 그의 곁을 지킬 수 있기만을 소망했다. 그러나 운명은 그 작은 소망조차 용서하지 않았다. 회담을 위해 향한 아셰라트에서,","<책소개> 윈리가 나를 돌아보지 않을 걸 알지만, 그림자로 그의 곁을 지킬 수 있기만을 소망했다. 그러나 운명은 그 작은 소망조차 용서하지 않았다. 회담을 위해 향한 아셰라트에서, 재즈카는 창문을 넘어 온 암살자와 마주친다. “왕비님이 ...",https://img.ridicdn.net/cover/425191660/large,https://img.ridicdn.net/cover/425191660/large,Y
마지막 여행이 끝나면,5,피오렛,하늘가리기,,"<책소개> 축복받은 마법사, 아일레흐 유일의 용인이었던 이본느는 단 하나의 바람을 위해 연인을 떠났다. ‘아름다운 채로 왕이 되어줘.’ 잘못된 선택이었다는 것을 그때는 알지 못했다","<책소개> 축복받은 마법사, 아일레흐 유일의 용인이었던 이본느는 단 하나의 바람을 위해 연인을 떠났다. ‘아름다운 채로 왕이 되어줘.’ 잘못된 선택이었다는 것을 그때는 알지 못했다. 연인의 죽음은 그녀가 내린 선택의 결과였다. ‘그럴 리 없어.’...",https://img.ridicdn.net/cover/2093062689/large,https://img.ridicdn.net/cover/2093062689/large,Y
그대 사자의 이름으로,5,서커스,흰울타리,,<책소개> #게임물 #차원이동 #다공일수 #하렘백합 #외유내강녀 #애교집착녀 #짐승녀 #계략녀 #츤데레녀 #백합/GL #추리/미스터리/스릴러 #판타지물 #탈출물 하루에 세 개까지만,<책소개> #게임물 #차원이동 #다공일수 #하렘백합 #외유내강녀 #애교집착녀 #짐승녀 #계략녀 #츤데레녀 #백합/GL #추리/미스터리/스릴러 #판타지물 #탈출물 하루에 세 개까지만 볼 수 있는 힌트와 각자 성격과 능력이 다른 네 명의 히로인들. 알 수 없는 게임 속 ...,https://img.ridicdn.net/cover/2057136015/large,https://img.ridicdn.net/cover/2057136015/large,Y
다정한 빌런,5,마롱,피오렌티,,"<책소개> 피폐, 그것도 19금 소설 속 남주에게 살해당하는 전처란다. 무를 수도 없다. 이곳에서 눈떴을 땐 이미 결혼 서약이 끝나 있었으니까. 남편이 뭘 하는지 몰라도 자주 피칠","<책소개> 피폐, 그것도 19금 소설 속 남주에게 살해당하는 전처란다. 무를 수도 없다. 이곳에서 눈떴을 땐 이미 결혼 서약이 끝나 있었으니까. 남편이 뭘 하는지 몰라도 자주 피칠갑이 되어 돌아오길래 주먹구구식 치유술을 배워서 써먹었는데, 원작과는 달리 남...",https://img.ridicdn.net/cover/2057136005/large,https://img.ridicdn.net/cover/2057136005/large,Y
포식자의 혼약자,5,필연매니지먼트,리사벨,,"<책소개> 빙의한 몸이 하필이면 전과 15범의 악녀다. 용두사망 원작에 끼기도 싫고, 이번 생은 가늘고 길게만 살고 싶어 떠나 주기로 했다. 악녀는 그간의 악행들을 깊이 통감하고 ","<책소개> 빙의한 몸이 하필이면 전과 15범의 악녀다. 용두사망 원작에 끼기도 싫고, 이번 생은 가늘고 길게만 살고 싶어 떠나 주기로 했다. 악녀는 그간의 악행들을 깊이 통감하고 반성하며 시골로 내려갑니다! 모두 행복하세요! …그랬는데. “저를 키워 주세요!” 여주인...",https://img.ridicdn.net/cover/809028401/large,https://img.ridicdn.net/cover/809028401/large,Y
가짜 여동생을 원하면,5,로즈엔,로즈라인,,"<책소개> 귀신 들린 아이. 소서아. ""네가 죽였어, 네가. 귀신 들린 년이……."" 그녀에게 닿은 사람은 피가 터져 죽었다. 저주받은 힘이었다. 어둠 속에 버려진 비참한 삶이었다.","<책소개> 귀신 들린 아이. 소서아. ""네가 죽였어, 네가. 귀신 들린 년이……."" 그녀에게 닿은 사람은 피가 터져 죽었다. 저주받은 힘이었다. 어둠 속에 버려진 비참한 삶이었다. 어느 봄날, 그가 나타나기 전까지는. “북주태가의 가주님이시다.” '노, 놓아……...",https://img.ridicdn.net/cover/2057136010/large,https://img.ridicdn.net/cover/2057136010/large,Y
[GL] 런어웨이 달링,5,BLYNUE 블리뉴,이비숲,,"<책소개> *본 작품에서는 독자의 이해를 돕기 위해 인물의 나이를 한국 기준으로 표기하였습니다. 또한 본 작품은 픽션이며 특정 인물이나 사건, 단체 및 조직, 상표, 배경 등은 실","<책소개> *본 작품에서는 독자의 이해를 돕기 위해 인물의 나이를 한국 기준으로 표기하였습니다. 또한 본 작품은 픽션이며 특정 인물이나 사건, 단체 및 조직, 상표, 배경 등은 실제와 어떠한 관련이 없음을 밝힙니다. 이용에 참고 바랍니다. 왜 셰익스피어는 희곡 속 주인...",https://img.ridicdn.net/cover/3586009325/large,https://img.ridicdn.net/cover/3586009325/large,Y
암흑가 수장 남편을 치료해 주었더니,5,로즈엔,라일리악,,"<책소개> 제국을 위해 이웃나라의 젊은 왕과 혼인하여 잘 살고 있던 클로에는 어느날, 돌연히 5년 전으로 돌아왔다. 죽음에 이른 것도 아니고, 지난 삶을 후회할 정도로 괴롭지도 않","<책소개> 제국을 위해 이웃나라의 젊은 왕과 혼인하여 잘 살고 있던 클로에는 어느날, 돌연히 5년 전으로 돌아왔다. 죽음에 이른 것도 아니고, 지난 삶을 후회할 정도로 괴롭지도 않았는데. 그렇게 돌아온 첫날, 새벽같이 저를 찾아온 첫사랑 데메트리안. ‘이 손을 ...",https://img.ridicdn.net/cover/2391024787/large,https://img.ridicdn.net/cover/2391024787/large,Y
흑막 용을 키우게 되었다,5,로즈엔,달슬,,<책소개> 전쟁에서 이기고 돌아온 아드리안은 남부로 유배됐다. 그녀를 앞장서 쫓아낸 것은 오빠와 황제였다. 속국이 된 남부로 가서 황금향을 찾아오라나. 자고로 오빠 새끼 치고 여동,<책소개> 전쟁에서 이기고 돌아온 아드리안은 남부로 유배됐다. 그녀를 앞장서 쫓아낸 것은 오빠와 황제였다. 속국이 된 남부로 가서 황금향을 찾아오라나. 자고로 오빠 새끼 치고 여동생 인생에 도움 되는 놈 하나 없다더니 딱 그짝이었다. 아드리안은 빠르게 자신의...,https://img.ridicdn.net/cover/2065041143/large,https://img.ridicdn.net/cover/2065041143/large,Y
페어 트레이드(fair trade),5,윤송스피넬,진소예,,"<책소개> 의뢰인의 과거를 바꾸어 주는 남자, 윤승재. 어느 날, 다른 사람이 아닌 과거의 자신이 되어 눈을 떴다. 그 이후로도 자꾸만 30년 전으로 돌아와 수진을 만나게 된다. ","<책소개> 의뢰인의 과거를 바꾸어 주는 남자, 윤승재. 어느 날, 다른 사람이 아닌 과거의 자신이 되어 눈을 떴다. 그 이후로도 자꾸만 30년 전으로 돌아와 수진을 만나게 된다. 마치 이끌려 들어오듯이. “아저씨.” “다시 불러 봐.” 오래전부터 아득하...",https://img.ridicdn.net/cover/425191575/large,https://img.ridicdn.net/cover/425191575/large,Y
비잔향,5,소울에임,임희정,,"<책소개> 기억하고 싶은 모든 처음은 모두 너와 함께였다. 아무것도 몰랐던 열여덟의 여름부터 많은 것을 알게 된 서른하나의 여름까지, 네가 없는 계절도 네가 켜켜이 배어 있는 것만","<책소개> 기억하고 싶은 모든 처음은 모두 너와 함께였다. 아무것도 몰랐던 열여덟의 여름부터 많은 것을 알게 된 서른하나의 여름까지, 네가 없는 계절도 네가 켜켜이 배어 있는 것만 같았다. “나랑 아는 사이 돼서 너한테 좋을 거 없어.” 무뚝뚝한 ...",https://img.ridicdn.net/cover/2057135986/large,https://img.ridicdn.net/cover/2057135986/large,Y
폐하의 밤,5,라렌느,티야베,,"<책소개> 자다가 눈을 떠 보니, 새하얀 웨딩드레스를 입은 신부가 되어 있었다. 에린 스필렛. 나는 소설 속에서 악랄하기로 소문난 악녀로 빙의했다. 내 남편이라는 남자는 자꾸 다른","<책소개> 자다가 눈을 떠 보니, 새하얀 웨딩드레스를 입은 신부가 되어 있었다. 에린 스필렛. 나는 소설 속에서 악랄하기로 소문난 악녀로 빙의했다. 내 남편이라는 남자는 자꾸 다른 여자랑 눈을 맞추며 아련한 표정을 짓는다. 그 상대는 바로 이 소설 속의 여주...",https://img.ridicdn.net/cover/1811178145/large,https://img.ridicdn.net/cover/1811178145/large,Y
"줄리엣, 여긴 캔자스가 아니야!",5,로즈엔,흰도요,,<책소개> * 2020년 7월 28일자로 <마귀> 시리즈의 일부 표현이 수정되었습니다. 이용에 참고 부탁드립니다. 탑에 갇힌 공녀에게 혼담이 들어온다. 그녀의 남편 될 사람은 전처,"<책소개> * 2020년 7월 28일자로 <마귀> 시리즈의 일부 표현이 수정되었습니다. 이용에 참고 부탁드립니다. 탑에 갇힌 공녀에게 혼담이 들어온다. 그녀의 남편 될 사람은 전처를 몇이나 죽였다는 잔악한 노인. 단단히 겁에 질린 공녀는 결국, 지...",https://img.ridicdn.net/cover/1534098923/large,https://img.ridicdn.net/cover/1534098923/large,Y
회귀했는데 첫사랑이 수상하다,5,페퍼민트,박깃털,,"<책소개> 열셋에 전염병으로 부모님이 돌아가시고 언니와 단둘이 남았다. 7년 후, 언니도 의젓한 공작이 되었고, 나는 약혼자와 결혼해서 행복하게 지내려고 했는데…. [미안해, 리리","<책소개> 열셋에 전염병으로 부모님이 돌아가시고 언니와 단둘이 남았다. 7년 후, 언니도 의젓한 공작이 되었고, 나는 약혼자와 결혼해서 행복하게 지내려고 했는데…. [미안해, 리리. 나도 행복해지고 싶어.] 언니가 내 약혼자와 도망쳐버렸다?! 홧김에 잔뜩 ...",https://img.ridicdn.net/cover/2351043703/large,https://img.ridicdn.net/cover/2351043703/large,Y
가업을 위하여,5,동아,김원경(WR),,"<책소개> 적화국의 7번째 황자, 강태언 작은 수이성의 주인인 그는 친화를 빌미로 볼모가 된 이안국의 공주 ‘하수선’을 맡게 된다. 계승권과는 너무 먼 태언은 그저 자신의 성과 작","<책소개> 적화국의 7번째 황자, 강태언 작은 수이성의 주인인 그는 친화를 빌미로 볼모가 된 이안국의 공주 ‘하수선’을 맡게 된다. 계승권과는 너무 먼 태언은 그저 자신의 성과 작고 연약한 수선을 다정하게 살피는 것 외엔 관심이 없지만. 어느 날, 힘이 없으면 ...",https://img.ridicdn.net/cover/1534098926/large,https://img.ridicdn.net/cover/1534098926/large,Y
미명의 추적자,5,노블오즈,칵스,,"<책소개> 첫사랑에게 건물을 빼앗겼다. 청담동 ‘티파니’의 건물의 소유주 유하리. 5년 만에 돌아온 첫사랑 은호가 등기이전권을 그녀 앞에 들이밀었다. “아, 어제부로 이 빌라 건물","<책소개> 첫사랑에게 건물을 빼앗겼다. 청담동 ‘티파니’의 건물의 소유주 유하리. 5년 만에 돌아온 첫사랑 은호가 등기이전권을 그녀 앞에 들이밀었다. “아, 어제부로 이 빌라 건물 명의자가 바뀌었거든. 차. 은. 호로” 그렇게 하리는 하루아침에 건물주에서...",https://img.ridicdn.net/cover/2057136019/large,https://img.ridicdn.net/cover/2057136019/large,Y
미친개가 몽둥이를 물어버리면,5,위즈덤하우스,재겸,,"<책소개> 지극히 평범한 소녀였던 로샤 르웬. 어느 날 마을에 들이닥친 반인반수의 괴물, 라미아에게 모든 삶을 송두리째 빼앗기고 만다. “777위, 일어났어?” 죽음의 고통 끝에 ","<책소개> 지극히 평범한 소녀였던 로샤 르웬. 어느 날 마을에 들이닥친 반인반수의 괴물, 라미아에게 모든 삶을 송두리째 빼앗기고 만다. “777위, 일어났어?” 죽음의 고통 끝에 눈을 뜬 순간, 로샤를 맞이한 것은 사이비 집단이라던 ‘황금 여명회’였다. 세...",https://img.ridicdn.net/cover/1534098919/large,https://img.ridicdn.net/cover/1534098919/large,Y
발칙한 제안,5,페퍼민트,트리플베리,,"<책소개> 지킬 앤 하이드, 셜록 홈즈, 악령에 크툴루까지. 온갖 요소가 뒤섞인 가상의 19세기 영국에 빙의했다. 결혼한 지 1년 만에 남편을 잃은 내게, 고전소설 속 ‘허구의 존","<책소개> 지킬 앤 하이드, 셜록 홈즈, 악령에 크툴루까지. 온갖 요소가 뒤섞인 가상의 19세기 영국에 빙의했다. 결혼한 지 1년 만에 남편을 잃은 내게, 고전소설 속 ‘허구의 존재’들이 사랑을 호소해왔으나…. “다른 놈을 바라보는 건 당신 자유지만, 그놈은 ...",https://img.ridicdn.net/cover/2093062689/large,https://img.ridicdn.net/cover/2093062689/large,Y
못된 짐승을 길들이는 법,5,에이블,라치크,,"<책소개> “온전히, 대가 없이 받는 무한한 신뢰가 담긴 눈이라서. 그런 건 보통 짐승에게서나 나오는 것 아닌가. 안 그렇습니까, 리안 양?” 리안이라는 이름이 낯설었다. 자신이 ","<책소개> “온전히, 대가 없이 받는 무한한 신뢰가 담긴 눈이라서. 그런 건 보통 짐승에게서나 나오는 것 아닌가. 안 그렇습니까, 리안 양?” 리안이라는 이름이 낯설었다. 자신이 지아로 산 세월만큼 리안으로 산 세월 또한 짧지 않은데 여전히 그 이름은 타인의 것인 ...",https://img.ridicdn.net/cover/2057136015/large,https://img.ridicdn.net/cover/2057136015/large,Y
악역 대공비의 위험한 이중생활,5,필연매니지먼트,이낙낙,,"<책소개> #가상시대물, #판타지물, #초능력, #권선징악, #첫사랑, #운명적사랑, #능력남, #상처남, #능력녀, #상처녀, #걸크러시, #털털녀, #쾌활발랄녀, #성장물, #","<책소개> #가상시대물, #판타지물, #초능력, #권선징악, #첫사랑, #운명적사랑, #능력남, #상처남, #능력녀, #상처녀, #걸크러시, #털털녀, #쾌활발랄녀, #성장물, #이야기중심 “이 세계에 종말을 가져올 자가 나타났다.” 여신의 예언이 내려왔다. 검...",https://img.ridicdn.net/cover/2057136005/large,https://img.ridicdn.net/cover/2057136005/large,Y
에밀리는 괴물을 사냥한다,5,필연매니지먼트,박패딩,,"<책소개> 왕세자에게 일방적인 파혼을 당하고, 자숙 차 오른 여행길에서 자유를 만끽하던 그때. [안녕.] 그것, 아니, 그를 깨워 버렸다. [나는 나타니엘.] 그가 말했다. [여기","<책소개> 왕세자에게 일방적인 파혼을 당하고, 자숙 차 오른 여행길에서 자유를 만끽하던 그때. [안녕.] 그것, 아니, 그를 깨워 버렸다. [나는 나타니엘.] 그가 말했다. [여기 사람들은 나를 ‘종말’이라 부르더구나.] 겨울의 왕 같은 아...",https://img.ridicdn.net/cover/809028401/large,https://img.ridicdn.net/cover/809028401/large,Y
원치 않아,5,로즈엔,시크,,<책소개> 소설 속 후회남주의 시한부 여동생으로 환생한 에반젤린. 이제 그녀에게 남은 시간은 1년뿐이다. 한심한 오빠가 여주인공을 따라다니며 후회하는 동안 첫사랑과 불같은 사랑을 ,<책소개> 소설 속 후회남주의 시한부 여동생으로 환생한 에반젤린. 이제 그녀에게 남은 시간은 1년뿐이다. 한심한 오빠가 여주인공을 따라다니며 후회하는 동안 첫사랑과 불같은 사랑을 하다 죽는 원작의 역할대로 운명의 남자를 찾기로 했다. 주어진 단서는 그가 금발이라는...,https://img.ridicdn.net/cover/2057136010/large,https://img.ridicdn.net/cover/2057136010/large,Y
블랙 스톰(Black Storm),5,로즈엔,김신형(하현달),,<책소개> #현대물 #연하남 #몸정>맘정 #복수 #금단의관계 #재벌남 #계략남 #절륜남 #유혹남 #상처녀 #무심녀 #철벽녀 #애새끼남 48세. 결혼 상대의 나이였다. 돈 때문에 원,<책소개> #현대물 #연하남 #몸정>맘정 #복수 #금단의관계 #재벌남 #계략남 #절륜남 #유혹남 #상처녀 #무심녀 #철벽녀 #애새끼남 48세. 결혼 상대의 나이였다. 돈 때문에 원치 않은 결혼을 강요받는 연송주. 키워 준 은혜를 갚으라는 가족들 앞에서...,https://img.ridicdn.net/cover/3586009325/large,https://img.ridicdn.net/cover/3586009325/large,Y
너를 따라 종말까지,5,동아,에시라,,"<책소개> 모든 것이 얼어붙은 계절, 우리는 그렇게 헤어졌다. 그리고 여전히 차가웠던 어느 날. “같이 지내요.” 시린 밤을 가르며 찾아온 여자, 온봄. 그 밤에 홀로 머물러 있던","<책소개> 모든 것이 얼어붙은 계절, 우리는 그렇게 헤어졌다. 그리고 여전히 차가웠던 어느 날. “같이 지내요.” 시린 밤을 가르며 찾아온 여자, 온봄. 그 밤에 홀로 머물러 있던 남자, 윤도경. “다른 의견 안 받습니다.” 누구도 머무르지 못...",https://img.ridicdn.net/cover/2391024787/large,https://img.ridicdn.net/cover/2391024787/large,Y
내게 복종하세요,5,에이블,견우,,"<책소개> *<이스닐다> 시리즈는 2020년 6월 9일 121화부터 126화까지 내용이 수정되었습니다. 기존 구매자분들께서는 웹에서 재열람하시거나, 앱 내의 '내 서재'에 다운받은","<책소개> *<이스닐다> 시리즈는 2020년 6월 9일 121화부터 126화까지 내용이 수정되었습니다. 기존 구매자분들께서는 웹에서 재열람하시거나, 앱 내의 '내 서재'에 다운받은 도서를 삭제하신 후, '구매목록'에서 재다운로드 하시면 수정된 도서로 이용하실 ...",https://img.ridicdn.net/cover/2065041143/large,https://img.ridicdn.net/cover/2065041143/large,Y
남주의 시한부 여동생이 된다는 건,5,필연매니지먼트,귤말랭이노통브,,<책소개> 수많은 사람을 학살하고 왕도를 멸망시킨 마녀. 엘레인은 그 마녀와 가족이나 다름없는 사이였다. 그러나 비극이 일어난 그 밤. 엘레인은 모든 것을 잃고 20년 뒤의 세상에,<책소개> 수많은 사람을 학살하고 왕도를 멸망시킨 마녀. 엘레인은 그 마녀와 가족이나 다름없는 사이였다. 그러나 비극이 일어난 그 밤. 엘레인은 모든 것을 잃고 20년 뒤의 세상에서 눈을 뜬다. 가슴에 마녀의 심장을 지닌 채로. '그이와 나의 아이.........,https://img.ridicdn.net/cover/425191575/large,https://img.ridicdn.net/cover/425191575/large,Y
롤 더 본즈(Roll the Bones),5,로즈엔,이리,,"<책소개> 도깨비 집이라 불리는 연희동의 모 주택 관리인, 은재. 옆집 남자 이찬을 친구의 새 연인으로 오해하고, 경계한다. 하지만 이 남자, 집에서 도서관에서 빵집에서 계속 마주","<책소개> 도깨비 집이라 불리는 연희동의 모 주택 관리인, 은재. 옆집 남자 이찬을 친구의 새 연인으로 오해하고, 경계한다. 하지만 이 남자, 집에서 도서관에서 빵집에서 계속 마주친다. “없던 일로 해요. 실수였어요. 취해서, 나도 모르게.” “싫은데. 난 실...",https://img.ridicdn.net/cover/2057135986/large,https://img.ridicdn.net/cover/2057135986/large,Y
낯선여름,5,윤송스피넬,진소예,,<책소개> 배드 엔딩으로 유명한 피폐 소설 속에 환생해버렸다! 심지어 내가 심각한 트라우마로 불면증에 시달리는 폭군 황제의 마지막 ‘인형’이라고? 1년 뒤 폭군 남주를 구원할 원작,<책소개> 배드 엔딩으로 유명한 피폐 소설 속에 환생해버렸다! 심지어 내가 심각한 트라우마로 불면증에 시달리는 폭군 황제의 마지막 ‘인형’이라고? 1년 뒤 폭군 남주를 구원할 원작 여주가 나타날 때까지 그의 손아귀에서 살아남아야 한다! 그런데 안전하게 도망칠 생각뿐...,https://img.ridicdn.net/cover/1811178145/large,https://img.ridicdn.net/cover/1811178145/large,Y
폐하가 너무 귀찮게 해,5,크라운 노블,금귀,,"<책소개> “이 상황에 먹을 게 넘어가나?” “그럼요! 먹고 죽으면 때깔도 고와요. 하나 드릴까요?” 소설 속 세계관에 환생한, 버림받은 공주 루아나. 어차피 죽음이 정해진 이야기","<책소개> “이 상황에 먹을 게 넘어가나?” “그럼요! 먹고 죽으면 때깔도 고와요. 하나 드릴까요?” 소설 속 세계관에 환생한, 버림받은 공주 루아나. 어차피 죽음이 정해진 이야기. 먹고 싶은 거나 소박하게 해 먹다 곱게 가고 싶었는데, 치즈 육포 때문에 마녀...",https://img.ridicdn.net/cover/1534098923/large,https://img.ridicdn.net/cover/1534098923/large,Y
까마귀는 반짝이는 것을 좋아해,5,코튼북스,씨씨,,"<책소개> 모두 요한이 아카데미 입학생 수석이 될 거라 믿어 의심치 않았다. 주신이 축복한 얼굴, 사근사근하고 다정한 성격, 공부뿐 아니라 모든 분야에서 두각을 나타내는 실력. 하","<책소개> 모두 요한이 아카데미 입학생 수석이 될 거라 믿어 의심치 않았다. 주신이 축복한 얼굴, 사근사근하고 다정한 성격, 공부뿐 아니라 모든 분야에서 두각을 나타내는 실력. 하지만, 그 자리는 엉뚱하게 한미한 자작가의 영애가 차지하게 되는데…. “일레나 양. 수...",https://img.ridicdn.net/cover/2351043703/large,https://img.ridicdn.net/cover/2351043703/large,Y
시한부 악녀가 복수하는 방법,5,연필,묘묘희,,"<책소개> 흡혈귀가 더 이상 피를 마시지 않는, 햇빛 아래 인간들과 함께 길거리를 거니는 세상. MCTC 소속의 도영 드페르 소령은 임무 수행 중 함정에 빠져 포로로 붙잡힌다. 바","<책소개> 흡혈귀가 더 이상 피를 마시지 않는, 햇빛 아래 인간들과 함께 길거리를 거니는 세상. MCTC 소속의 도영 드페르 소령은 임무 수행 중 함정에 빠져 포로로 붙잡힌다. 바다를 건너 이송되던 중 겨우 탈출해 한 무인도에 도착한다. 그곳에 홀로 살...",https://img.ridicdn.net/cover/2093062689/large,https://img.ridicdn.net/cover/2093062689/large,Y
검이 뽑힌 자리,5,동아,강윤결,,<책소개> “신의 음성을 들었습니다. ……저녁엔 소식하고 일찍 잠들라!” “과연 용하시군요! 감사합니다!” 신탁해설가 아버지의 실종 이후 엉터리로 신탁을 해설하며 살고 있는 파드메,<책소개> “신의 음성을 들었습니다. ……저녁엔 소식하고 일찍 잠들라!” “과연 용하시군요! 감사합니다!” 신탁해설가 아버지의 실종 이후 엉터리로 신탁을 해설하며 살고 있는 파드메 안테이아. 어느 날 파드메 앞에 나타난 수상한 남자. 그는 엄청난 신탁의 내용...,https://img.ridicdn.net/cover/2057136015/large,https://img.ridicdn.net/cover/2057136015/large,Y
도망친 성녀와 영원의 밤,5,연필,금은하,,<책소개> 그에게는 그저 매일 똑같은 날들 중 하나였다. 무료하고 약간은 신경이 날카로워져 있던 출근길이었다. 매일 보는 흔한 도로 위에 그녀가 나타난 순간 지루한 일상이 찬란하게,<책소개> 그에게는 그저 매일 똑같은 날들 중 하나였다. 무료하고 약간은 신경이 날카로워져 있던 출근길이었다. 매일 보는 흔한 도로 위에 그녀가 나타난 순간 지루한 일상이 찬란하게 바뀌었다. “그날 그 사람을 다시 만났을 때 무슨 생각이 들었는지 알아? …이건 운명이다...,https://img.ridicdn.net/cover/2057136005/large,https://img.ridicdn.net/cover/2057136005/large,Y
코드네임 베스티아,5,위즈덤하우스,조례진,,"<책소개> 크레이든의 열다섯 번째 황녀 레비시아는, 정신을 잃은 2주간 전생의 기억을 본다. 그리고 이 세계가 책 속이라는 것을 깨닫고 걱정에 잠긴다. 자신이 크레이든 후계자들의 ","<책소개> 크레이든의 열다섯 번째 황녀 레비시아는, 정신을 잃은 2주간 전생의 기억을 본다. 그리고 이 세계가 책 속이라는 것을 깨닫고 걱정에 잠긴다. 자신이 크레이든 후계자들의 다툼에 휘말려 죽을 운명임을 알게 되기 때문이다. 조용히 이곳에서 떠나리라 결심하...",https://img.ridicdn.net/cover/809028401/large,https://img.ridicdn.net/cover/809028401/large,Y
배덕 황후,5,크레센도,고요(꽃잎이톡톡),,"<책소개> 죽기 전 마지막으로 읽던 책에 빙의 되었다. 드디어 나도 꽃길 좀 걸어보나 했더니, 흑막 남편에게 독살당해 죽는 이름만 스쳐 지나가는 엑스트라였다. 자기 아내도 독살하는","<책소개> 죽기 전 마지막으로 읽던 책에 빙의 되었다. 드디어 나도 꽃길 좀 걸어보나 했더니, 흑막 남편에게 독살당해 죽는 이름만 스쳐 지나가는 엑스트라였다. 자기 아내도 독살하는 피도 눈물도 없는 남편에게서 벗어날 방법은 단 하나! 바로 안전 이혼뿐이었다. 제국에서 이혼...",https://img.ridicdn.net/cover/2057136010/large,https://img.ridicdn.net/cover/2057136010/large,Y
불행의 기원,5,코튼북스,씨씨,,"<책소개> 트럭에 치여 죽은 뒤 내가 눈을 뜬 곳은, 죽기 전 읽었던 책 속의 세계였다. 거기다 여주의 전담 시녀로 딱 한 줄 나오는 엑스트라 중의 엑스트라에 빙의라니… 아무런 비","<책소개> 트럭에 치여 죽은 뒤 내가 눈을 뜬 곳은, 죽기 전 읽었던 책 속의 세계였다. 거기다 여주의 전담 시녀로 딱 한 줄 나오는 엑스트라 중의 엑스트라에 빙의라니… 아무런 비중이 없는 엑스트라에 빙의했으니 이곳에서 제 2의 인생을 즐겨 주리라 다짐했다. 그런데……...",https://img.ridicdn.net/cover/3586009325/large,https://img.ridicdn.net/cover/3586009325/large,Y
음탕한 힐녀의 밤,5,베아트리체,모닝포케,,"<책소개> 드라마 <녹비홍수> 원작 소설! 지방 발령 끝에 도시로 돌아가는 날, 전날 내린 폭우 탓에 무너진 산에 깔려 죽은 요의의. 눈을 떠 보니 고대로 타임슬립해 성씨 집안의 ","<책소개> 드라마 <녹비홍수> 원작 소설! 지방 발령 끝에 도시로 돌아가는 날, 전날 내린 폭우 탓에 무너진 산에 깔려 죽은 요의의. 눈을 떠 보니 고대로 타임슬립해 성씨 집안의 여섯째 성명란이 되어 있었다. 첩을 더 애지중지하는 아버지, 그러면서 생기는 정실...",https://img.ridicdn.net/cover/2093062689/large,https://img.ridicdn.net/cover/2093062689/large,Y
서녀명란전,5,위즈덤하우스,관심즉란,,"<책소개> 괴수에게 바쳐진 제물이었던 나를 구한 것은 대륙을 통일시키겠다는 포부를 가진 한 영웅이었다. 내가 그를 사랑하게 된 것은 필연이었다. 그러나 서글픈 사실은, 모든 신화 ","<책소개> 괴수에게 바쳐진 제물이었던 나를 구한 것은 대륙을 통일시키겠다는 포부를 가진 한 영웅이었다. 내가 그를 사랑하게 된 것은 필연이었다. 그러나 서글픈 사실은, 모든 신화 속의 영웅들은 그 끝에 가서는 아름답고 고귀한 신분의 공주님과 사랑에 빠진다는 것...",https://img.ridicdn.net/cover/2057136015/large,https://img.ridicdn.net/cover/2057136015/large,Y
불온한 온도,5,다향,단소금,,"<책소개> ""[판타지많음/로맨스중후반몰빵/능력녀/능력남/마법사/여주중심서사/인외존재/회귀X/빙의X/폭군X] 「어차피 한 번 사는 인생, 막 산단 소리 들어보는 것도 나쁘지 않지.」","<책소개> ""[판타지많음/로맨스중후반몰빵/능력녀/능력남/마법사/여주중심서사/인외존재/회귀X/빙의X/폭군X] 「어차피 한 번 사는 인생, 막 산단 소리 들어보는 것도 나쁘지 않지.」 헨젤 백작가의 수치, 자유로운 망나니, 모두가 혀를 차는 오드리 헨젤. ...",https://img.ridicdn.net/cover/2057136005/large,https://img.ridicdn.net/cover/2057136005/large,Y
악마가 나를 부르면,5,라렌느,정애,,"<책소개> <1권> 엘데 섬의 레니에, 이난나의 사랑을 받은 자여. 그대는 숱한 사내들을 홀릴 향기를 갖고 있구나. 너를 사랑하는 두 명의 사내가 보인다. “잊지 마라. 너는 내게","<책소개> <1권> 엘데 섬의 레니에, 이난나의 사랑을 받은 자여. 그대는 숱한 사내들을 홀릴 향기를 갖고 있구나. 너를 사랑하는 두 명의 사내가 보인다. “잊지 마라. 너는 내게 생명을 빚졌고, 나의 사람이 되기로 약속했다. 네 목숨은 내게 속했으니 내 허락...",https://img.ridicdn.net/cover/809028401/large,https://img.ridicdn.net/cover/809028401/large,Y
낙원,5,모먼트,5月돼지,,<책소개> 구빈원 출신 고학생 아델 애버릴은 황궁 마법의 착오로 황제의 집무실에 들어가게 된다. “가짜 약혼녀가 필요해.” 게다가 황제의 비밀 계획까지 듣게 된다. 자신은 그저 ‘,<책소개> 구빈원 출신 고학생 아델 애버릴은 황궁 마법의 착오로 황제의 집무실에 들어가게 된다. “가짜 약혼녀가 필요해.” 게다가 황제의 비밀 계획까지 듣게 된다. 자신은 그저 ‘문’을 열고 들어왔을 뿐인데…! 도망치듯 학교로 다시 돌아와 숨죽인 아델을 기...,https://img.ridicdn.net/cover/2057136010/large,https://img.ridicdn.net/cover/2057136010/large,Y
나를 사랑하지 않는 그대에게,5,라렌느,한설온,,<책소개> 유년 시절의 학대로 인해 폭군이 되어 돌아온 남주의 손에 끔살당하는 악역 계모가 됐다. 이대로 죽을 순 없잖아. 죽지 않으려면 뭐라도 하겠다는 각오를 다졌다. 그런데..,<책소개> 유년 시절의 학대로 인해 폭군이 되어 돌아온 남주의 손에 끔살당하는 악역 계모가 됐다. 이대로 죽을 순 없잖아. 죽지 않으려면 뭐라도 하겠다는 각오를 다졌다. 그런데...... 뭐가 이렇게 쉽지? 게다가 엎친 데 덮친 격으로 남편이 내게 집착하기 시작한다....,https://img.ridicdn.net/cover/3586009325/large,https://img.ridicdn.net/cover/3586009325/large,Y
삼킨 것은,5,수려한,나야,,<책소개> 물의 능력을 지녔으나 힘이 부족하단 이유로 방치되어 온 줄라이. 끝내 목숨을 끊은 그녀는 1년 후의 세상에서 눈을 뜬다. 그것도 주변 모두에게 사랑을 듬뿍 받는 세브티나,<책소개> 물의 능력을 지녔으나 힘이 부족하단 이유로 방치되어 온 줄라이. 끝내 목숨을 끊은 그녀는 1년 후의 세상에서 눈을 뜬다. 그것도 주변 모두에게 사랑을 듬뿍 받는 세브티나 제로스에 빙의한 채로. 하지만 줄라이의 몸은 의식만 없을 뿐 아직 살아 있었다. 놀...,https://img.ridicdn.net/cover/2391024787/large,https://img.ridicdn.net/cover/2391024787/large,Y
사육제,5,르네,이서한,,"<책소개> 객식구 취급 받기 만렙 찍은 아가씨가 공부에 찌든 소꿉친구와 편지 주고받으면서 푸념하는 이야기. 어머니가 험프리 공작과 재혼해서 그 집에 얹혀 산지 12년, 에이미는 본","<책소개> 객식구 취급 받기 만렙 찍은 아가씨가 공부에 찌든 소꿉친구와 편지 주고받으면서 푸념하는 이야기. 어머니가 험프리 공작과 재혼해서 그 집에 얹혀 산지 12년, 에이미는 본의 아니게 공작 따님 바이올라의 사교계 명성 방패막이가 되어 남부 더블린 성에 같이 내려...",https://img.ridicdn.net/cover/2065041143/large,https://img.ridicdn.net/cover/2065041143/large,Y
태연한 거짓말,5,카멜,김언희,,<책소개> 비앙카 모우닝과 블리스 윈스턴은 팔본 사교계의 세기의 커플이었다. 동시에 모두를 감쪽같이 속여 낸 쇼윈도 커플이기도 했다. 비앙카는 자신에게 완벽한 미래가 기다리고 있을,"<책소개> 비앙카 모우닝과 블리스 윈스턴은 팔본 사교계의 세기의 커플이었다. 동시에 모두를 감쪽같이 속여 낸 쇼윈도 커플이기도 했다. 비앙카는 자신에게 완벽한 미래가 기다리고 있을 것이라 생각했다. 어느 날, 이상한 소문을 듣기 전까지는. “영애의 약혼자이신, 블...",https://img.ridicdn.net/cover/425191575/large,https://img.ridicdn.net/cover/425191575/large,Y
여섯 번째 별,5,페퍼민트,김지유,,"<책소개> 유폐된 공주, 엘리제. 아버지의 눈 밖에 난 그녀는 사람들과 격리되어 살아간다. “괜찮아, 난 너희들이 있으니까.” 하지만 동물과 소통할 수 있는 능력 덕에 외롭지 않았","<책소개> 유폐된 공주, 엘리제. 아버지의 눈 밖에 난 그녀는 사람들과 격리되어 살아간다. “괜찮아, 난 너희들이 있으니까.” 하지만 동물과 소통할 수 있는 능력 덕에 외롭지 않았다. 그저 평생을 이렇게 살아가리라 생각했던 어느 날. “네 혼처가 정해졌다...",https://img.ridicdn.net/cover/2093062689/large,https://img.ridicdn.net/cover/2093062689/large,Y
악역이 아니라 선역 가문이랬는데,5,로즈엔,나태한상념,,"<책소개> 평범한 취준생, 해원. 그런 그녀의 일상에 한 남자가 성큼 들어왔다. 첫 번째 만남은 사이비에게서 구해준 은인. 두 번째 만남은 노상강도. “선우야, 그냥 그렇게 불러.","<책소개> 평범한 취준생, 해원. 그런 그녀의 일상에 한 남자가 성큼 들어왔다. 첫 번째 만남은 사이비에게서 구해준 은인. 두 번째 만남은 노상강도. “선우야, 그냥 그렇게 불러. 야, 라고 해도 되고.” 세 번째 만남에서 알게 된 그의 이름, 백선우. 이름 외에는 아...",https://img.ridicdn.net/cover/2057136015/large,https://img.ridicdn.net/cover/2057136015/large,Y
악역을 구하고 떠나려 합니다,5,크레센도,시세Sisse,,"<책소개> 없는 돈을 탈탈 털어 약방을 차린 하급 정령사 소피. 약방이 가진 평온함과 고요함을 즐기던 와중, 새벽에 들이닥친 출혈이 심한 환자를 치료하게 된다. 그는 아서 공작이었","<책소개> 없는 돈을 탈탈 털어 약방을 차린 하급 정령사 소피. 약방이 가진 평온함과 고요함을 즐기던 와중, 새벽에 들이닥친 출혈이 심한 환자를 치료하게 된다. 그는 아서 공작이었는데, 불면증에 시달리고 있었다. 소피는 안쓰러운 마음에 약재를 이용한 차를 내어준다. 며칠...",https://img.ridicdn.net/cover/2057136005/large,https://img.ridicdn.net/cover/2057136005/large,Y
위험한,5,수려한,나야,,"<책소개> 예령을 지그시 보던 휘가 질색한 표정을 짓고는 투덜거렸다. “뭐가 그렇게 심각해? 어이, 신녀. 무슨 굉장히 큰 사명감에 불타나 본데 사는 건 그냥 사는 거야. 죽이지 ","<책소개> 예령을 지그시 보던 휘가 질색한 표정을 짓고는 투덜거렸다. “뭐가 그렇게 심각해? 어이, 신녀. 무슨 굉장히 큰 사명감에 불타나 본데 사는 건 그냥 사는 거야. 죽이지 않으면 죽는 거. 알아? 하기야 규방에 앉아 수나 놓고 점이나 치던 네가 뭘 알겠어?” 예령...",https://img.ridicdn.net/cover/809028401/large,https://img.ridicdn.net/cover/809028401/large,Y
원수와의 이혼까지 D-365,5,스칼렛,피레테,,<책소개> 어느 날 눈을 떠보니 공주님이 되었다! 그런데 하필이면 친아버지인 황제의 손에 죽는 로맨스 소설 속 비운의 공주님이라니! 죽고 싶지 않다면 친부의 눈에 띄어서는 안 된다,"<책소개> 어느 날 눈을 떠보니 공주님이 되었다! 그런데 하필이면 친아버지인 황제의 손에 죽는 로맨스 소설 속 비운의 공주님이라니! 죽고 싶지 않다면 친부의 눈에 띄어서는 안 된다. 그런데, “언제부터 내 성에 이런 버러지가 살았지?” 피도 눈물도 ...",https://img.ridicdn.net/cover/2093062689/large,https://img.ridicdn.net/cover/2093062689/large,Y
현자를 위한 네 심장,5,노블오즈,칵스,,<책소개> 헤이나의 조국 콘스탄스를 식민지로 만들고 그녀의 정혼자를 잔인하게 죽인 적국의 황자 유리. 붉은 머리의 악마라고 불리는 그는 콘스탄스의 공주 헤이나를 자신의 전리품으로 ,<책소개> 헤이나의 조국 콘스탄스를 식민지로 만들고 그녀의 정혼자를 잔인하게 죽인 적국의 황자 유리. 붉은 머리의 악마라고 불리는 그는 콘스탄스의 공주 헤이나를 자신의 전리품으로 삼는다. 절대로 사랑할 수 없는 상대가 그녀에게 사랑을 요구하기 시작하는데…. 운명...,https://img.ridicdn.net/cover/2057136015/large,https://img.ridicdn.net/cover/2057136015/large,Y
어느 날 공주가 되어버렸다,5,CL프로덕션,플루토스,,"<책소개> ‘난 더는 멍청하게 손해 보는 결혼은 안 해.’ 남편을 살해한 죄로 처형당했는데, 정신 차려보니 몇 년 전으로 회귀해 버렸다. 계약 결혼이 아닌 계획 결혼! 마물 사냥꾼","<책소개> ‘난 더는 멍청하게 손해 보는 결혼은 안 해.’ 남편을 살해한 죄로 처형당했는데, 정신 차려보니 몇 년 전으로 회귀해 버렸다. 계약 결혼이 아닌 계획 결혼! 마물 사냥꾼 플뢰레트는 제 인생을 지키기 위해 공작과의 혼인을 결심한다. *** 발...",https://img.ridicdn.net/cover/2057136005/large,https://img.ridicdn.net/cover/2057136005/large,Y
다시 만날 테니까,5,로즈엔,김선민,,"<책소개> “아빠, 나 전생에서 기사였어.” “엉?” 저녁 식사 시간. 아빠가 만든 괴멸적인 음식을 먹으며 그의 딸 진희가 말했다. “정확히는 제국의 수도 방위 기사단 단장이었고 ","<책소개> “아빠, 나 전생에서 기사였어.” “엉?” 저녁 식사 시간. 아빠가 만든 괴멸적인 음식을 먹으며 그의 딸 진희가 말했다. “정확히는 제국의 수도 방위 기사단 단장이었고 이름은 바제트였는데, 가주가 되던 날 남동생한테 독살당해 죽었어. 근데 그 기...",https://img.ridicdn.net/cover/809028401/large,https://img.ridicdn.net/cover/809028401/large,Y
[GL] 농촌 프린세스,5,연필,리믹,,"<책소개> * 7월 12일까지, 매일 연재됩니다. 이용에 참고 부탁드립니다. 19금 피폐 후회물에 빙의했다. 피폐를 조장하는 건 남주, 아일리우스. 통칭 리스. 재활용도 불가능한 ","<책소개> * 7월 12일까지, 매일 연재됩니다. 이용에 참고 부탁드립니다. 19금 피폐 후회물에 빙의했다. 피폐를 조장하는 건 남주, 아일리우스. 통칭 리스. 재활용도 불가능한 개자식이라 욕하며 연재란을 닫았는데. 눈을 뜨니, 여주가 되어 있었다. 남주...",https://img.ridicdn.net/cover/2057136010/large,https://img.ridicdn.net/cover/2057136010/large,Y
나의 그대는 악마,5,로즈엔,김빠,,<책소개> 요요한 웃음을 지으며 사람을 홀리는 록산느. 그녀는 실권을 잡고 있는 대공이 황후를 반역죄로 몰아 죽였다는 소식을 듣고 대공을 만나 거래를 제안한다. “저에게 황후 자리,<책소개> 요요한 웃음을 지으며 사람을 홀리는 록산느. 그녀는 실권을 잡고 있는 대공이 황후를 반역죄로 몰아 죽였다는 소식을 듣고 대공을 만나 거래를 제안한다. “저에게 황후 자리를 주세요.” “청탁인가?” “당신이 저를 황후로 만들어준다면 대공 전하를 세상에서 가장 즐거...,https://img.ridicdn.net/cover/3586009325/large,https://img.ridicdn.net/cover/3586009325/large,Y